use
job_huntly_local;

INSERT INTO roles(role_id, role_name)
VALUES (1, 'ADMIN'),
       (2, 'CANDIDATE'),
       (3, 'RECRUITER');

INSERT INTO users
(user_id, city_id, role_id, full_name, email, password_hash, phone_number, status, activation_token, google_id,
 sms_notification_active, email_notification_active, create_at)
VALUES (1, NULL, 1, 'ADMIN', 'admin@gmail.com', '$2a$12$eCoyVZC81XhJNz.pab6Qy.mhOxROxzzi6Y3V9m2d4.ZyPJn9mLsly',
        '0909123456', 'active', NULL, NULL, 0, 1,
        '2025-08-11 09:13:27'),
       (2, NULL, 2, 'Nguyễn Văn A', 'candidate1@gmail.com',
        '$2a$12$eCoyVZC81XhJNz.pab6Qy.mhOxROxzzi6Y3V9m2d4.ZyPJn9mLsly', '0912345678', 'active', NULL, NULL, 1, 1,
        NOW()),
       (3, NULL, 2, 'Trần Thị B', 'candidate2@gmail.com',
        '$2a$12$eCoyVZC81XhJNz.pab6Qy.mhOxROxzzi6Y3V9m2d4.ZyPJn9mLsly', '0923456789', 'active', NULL, NULL, 1, 1,
        NOW()),
       (4, NULL, 3, 'Phạm Văn C', 'recruiter1@gmail.com',
        '$2a$12$eCoyVZC81XhJNz.pab6Qy.mhOxROxzzi6Y3V9m2d4.ZyPJn9mLsly', '0934567890', 'active', NULL, NULL, 0, 1,
        NOW()),
       (5, NULL, 3, 'Lê Thị D', 'recruiter2@gmail.com', '$2a$12$eCoyVZC81XhJNz.pab6Qy.mhOxROxzzi6Y3V9m2d4.ZyPJn9mLsly',
        '0945678901', 'active', NULL, NULL, 1, 1,
        NOW()),
       (6, NULL, 2, 'Ngô Văn E', 'candidate3@gmail.com',
        '$2a$12$eCoyVZC81XhJNz.pab6Qy.mhOxROxzzi6Y3V9m2d4.ZyPJn9mLsly', '0956789012', 'active', NULL, NULL, 1, 1,
        NOW()),
       (7, NULL, 2, 'Đặng Thị F', 'candidate4@gmail.com',
        '$2a$12$eCoyVZC81XhJNz.pab6Qy.mhOxROxzzi6Y3V9m2d4.ZyPJn9mLsly', '0967890123', 'active', NULL, NULL, 1, 1,
        NOW()),
       (8, NULL, 3, 'Vũ Văn G', 'recruiter3@gmail.com',
        '$2a$12$eCoyVZC81XhJNz.pab6Qy.mhOxROxzzi6Y3V9m2d4.ZyPJn9mLsly', '0978901234', 'active', NULL, NULL, 0, 1,
        NOW()),
       (9, NULL, 3, 'Bùi Thị H', 'recruiter4@gmail.com',
        '$2a$12$eCoyVZC81XhJNz.pab6Qy.mhOxROxzzi6Y3V9m2d4.ZyPJn9mLsly', '0989012345', 'active', NULL, NULL, 1, 1,
        NOW()),
       (10, NULL, 2, 'Phan Văn I', 'candidate5@gmail.com',
        '$2a$12$eCoyVZC81XhJNz.pab6Qy.mhOxROxzzi6Y3V9m2d4.ZyPJn9mLsly', '0990123456', 'active', NULL, NULL, 1, 1,
        NOW());

INSERT INTO categories (cate_id, cate_name, parent_id)
VALUES
-- Danh mục cha
(1, 'Công nghệ thông tin', NULL),
(2, 'Kế toán - Kiểm toán', NULL),
(3, 'Nhân sự', NULL),
(4, 'Marketing', NULL),
(5, 'Kinh doanh - Bán hàng', NULL),
(6, 'Giáo dục - Đào tạo', NULL),
(7, 'Logistics - Xuất nhập khẩu', NULL),
(8, 'Thiết kế - Sáng tạo', NULL),
(9, 'Y tế - Chăm sóc sức khỏe', NULL),
(10, 'Sản xuất - Vận hành', NULL),

-- Con của Công nghệ thông tin
(11, 'Lập trình phần mềm', 1),
(12, 'Quản trị hệ thống', 1),
(13, 'An ninh mạng', 1),
(14, 'Phân tích dữ liệu', 1),

-- Con của Kế toán - Kiểm toán
(15, 'Kế toán tổng hợp', 2),
(16, 'Kế toán thuế', 2),
(17, 'Kiểm toán nội bộ', 2),

-- Con của Nhân sự
(18, 'Tuyển dụng', 3),
(19, 'Đào tạo & Phát triển', 3),
(20, 'Chính sách & Lương thưởng', 3),

-- Con của Marketing
(21, 'Digital Marketing', 4),
(22, 'Content Marketing', 4),
(23, 'Nghiên cứu thị trường', 4),

-- Con của Kinh doanh - Bán hàng
(24, 'Bán hàng trực tiếp', 5),
(25, 'Kinh doanh B2B', 5),
(26, 'Chăm sóc khách hàng', 5),

-- Con của Giáo dục - Đào tạo
(27, 'Giảng dạy', 6),
(28, 'Tư vấn giáo dục', 6),
(29, 'Quản lý đào tạo', 6),

-- Con của Logistics - Xuất nhập khẩu
(30, 'Quản lý kho', 7),
(31, 'Vận tải quốc tế', 7),
(32, 'Khai báo hải quan', 7),

-- Con của Thiết kế - Sáng tạo
(33, 'Thiết kế đồ họa', 8),
(34, 'Thiết kế UI/UX', 8),
(35, 'Thiết kế nội thất', 8),

-- Con của Y tế - Chăm sóc sức khỏe
(36, 'Điều dưỡng', 9),
(37, 'Bác sĩ', 9),
(38, 'Dược sĩ', 9),

-- Con của Sản xuất - Vận hành
(39, 'Quản lý sản xuất', 10),
(40, 'Kỹ thuật vận hành máy', 10),
(41, 'Bảo trì thiết bị', 10);

INSERT INTO companies
(user_id, company_name, description, email, phone_number, website, address, location_city, location_country,
 founded_year, quantity_employee, status, is_pro_company, followers_count, jobs_count,
 facebook_url, twitter_url, linkedin_url, map_embed_url, avatar, avatar_cover)
VALUES (4, 'AI Tech', 'Công ty công nghệ chuyên AI', 'contact@aitech.com', '0123456789', 'https://aitech.com',
        '12 Lý Thường Kiệt', 'Hà Nội', 'Việt Nam', 2018, 80, 'active', 1, 1200, 5,
        'https://facebook.com/aitech', NULL, 'https://linkedin.com/company/aitech', 'https://www.google.com/maps/embed/v1/place?key=AIzaSyCVgO8KzHQ8iKcfqXgrMnUIGlD-piWiPpo&q=123%20Silicon%20Valley%2C%20California%2C%20USA&zoom=15&language=vi',
        'https://mir-s3-cdn-cf.behance.net/user/276/d87edf482640497.5e306b1f7af1c.jpg', 'https://www.shutterstock.com/image-vector/synthwave-vaporwave-retrowave-cyber-background-600nw-1457569313.jpg'),

       (4, 'ERP Việt Nam', 'Công ty phần mềm ERP', 'info@erpvn.com', '0909888777', 'https://erpvn.com',
        '45 Nguyễn Huệ', 'TP.HCM', 'Việt Nam', 2015, 150, 'active', 0, 800, 8,
        NULL, NULL, NULL, NULL,
        'erp_avatar.png', 'erp_cover.png'),

       (5, 'Fashion Hub', 'Công ty thiết kế thời trang', 'contact@fashionhub.com', '0988111222',
        'https://fashionhub.com',
        '89 Hai Bà Trưng', 'Đà Nẵng', 'Việt Nam', 2020, 60, 'active', 1, 500, 3,
        NULL, NULL, NULL, NULL,
        'fashion_avatar.png', 'fashion_cover.png'),

       (5, 'Global Logistics', 'Công ty logistics quốc tế', 'support@globallogistics.com', '0933444555',
        'https://globallogistics.com',
        '123 Trần Hưng Đạo', 'Hải Phòng', 'Việt Nam', 2010, 300, 'active', 0, 1500, 12,
        NULL, NULL, NULL, NULL,
        'log_avatar.png', 'log_cover.png'),

       (5, 'E-Learning VN', 'Công ty giáo dục trực tuyến', 'info@elearning.vn', '0944666777', 'https://elearning.vn',
        '78 Cách Mạng Tháng 8', 'TP.HCM', 'Việt Nam', 2017, 40, 'active', 0, 600, 4,
        NULL, NULL, NULL, NULL,
        'edu_avatar.png', 'edu_cover.png');

INSERT INTO company_categories (company_id, cate_id)
VALUES
-- AI Tech: Lập trình phần mềm + An ninh mạng
(1, 11),
(1, 13),

-- ERP Việt Nam: Lập trình phần mềm + Quản trị hệ thống
(2, 11),
(2, 12),

-- Fashion Hub: Thiết kế đồ họa + Thiết kế nội thất
(3, 33),
(3, 35),

-- Global Logistics: Quản lý kho + Vận tải quốc tế
(4, 30),
(4, 31),

-- E-Learning VN: Giảng dạy + Tư vấn giáo dục
(5, 27),
(5, 28);

INSERT INTO jobs (job_id, company_id, title, date_post, description, expired_date, salary_min, salary_max,
                  requirements, benefits, location, status)
VALUES (1, 1, 'Lập trình viên Java', '2025-08-01', 'Phát triển phần mềm Java', '2025-09-01', 15000000, 25000000,
        'Có kinh nghiệm 2 năm Java', 'Bảo hiểm, thưởng dự án', 'Hà Nội', 'active'),
       (2, 2, 'Chuyên viên Marketing', '2025-08-02', 'Triển khai chiến dịch marketing', '2025-09-05', 12000000,
        20000000,
        'Hiểu biết về Digital Marketing', 'Lương tháng 13', 'TP.HCM', 'active'),
       (3, 2, 'Kế toán tổng hợp', '2025-08-03', 'Hạch toán và lập báo cáo tài chính', '2025-09-10', 10000000, 15000000,
        'Tốt nghiệp chuyên ngành kế toán', 'Bảo hiểm đầy đủ', 'TP.HCM', 'active'),
       (4, 3, 'Frontend Developer', '2025-08-04', 'Xây dựng giao diện web', '2025-09-15', 14000000, 22000000,
        'Thành thạo ReactJS', 'Làm việc hybrid', 'Đà Nẵng', 'active'),
       (5, 3, 'Nhân viên kinh doanh thời trang', '2025-08-05', 'Bán hàng và chăm sóc khách', '2025-09-20', 8000000,
        15000000,
        'Kỹ năng giao tiếp tốt', 'Hoa hồng hấp dẫn', 'Đà Nẵng', 'active'),
       (6, 4, 'Nhân viên xuất nhập khẩu', '2025-08-06', 'Làm chứng từ hải quan', '2025-09-25', 12000000, 18000000,
        'Có kinh nghiệm logistics', 'Bảo hiểm sức khỏe', 'Hải Phòng', 'active'),
       (7, 5, 'Giáo viên tiếng Anh online', '2025-08-07', 'Dạy tiếng Anh cho học viên trực tuyến', '2025-09-30',
        10000000, 16000000,
        'IELTS 7.0 trở lên', 'Linh hoạt thời gian', 'TP.HCM', 'active'),
       (8, 5, 'Điều dưỡng viên', '2025-08-08', 'Chăm sóc bệnh nhân', '2025-09-30', 9000000, 13000000,
        'Tốt nghiệp điều dưỡng', 'Phụ cấp ca đêm', 'TP.HCM', 'active'),
       (9, 3, 'Nhà thiết kế đồ họa', '2025-08-09', 'Thiết kế ấn phẩm truyền thông', '2025-10-01', 11000000, 17000000,
        'Thành thạo Photoshop', 'Môi trường sáng tạo', 'Đà Nẵng', 'active'),
       (10, 4, 'Kỹ sư sản xuất', '2025-08-10', 'Quản lý dây chuyền sản xuất', '2025-10-05', 15000000, 22000000,
        'Kinh nghiệm 3 năm sản xuất', 'Thưởng KPI', 'Hải Phòng', 'active');

insert into work_type (work_type_name)
values ('On-site'),
       ('Remote'),
       ('Hybrid'),
       ('Full-time'),
       ('Part-time');

insert into levels (level_name)
values ('Intern'),
       ('Fresher'),
       ('Junior'),
       ('Associate'),
       ('Mid-level'),
       ('Lead'),
       ('Manager'),
       ('Senior'),
       ('Director'),
       ('Executive');

INSERT INTO location_city (city_name)
VALUES ('Tuyên Quang'),
       ('Cao Bằng'),
       ('Lai Châu'),
       ('Lào Cai'),
       ('Thái Nguyên'),
       ('Điện Biên'),
       ('Lạng Sơn'),
       ('Sơn La'),
       ('Phú Thọ'),
       ('Bắc Ninh'),
       ('Quảng Ninh'),
       ('Thành phố Hà Nội'),
       ('Thành phố Hải Phòng'),
       ('Hưng Yên'),
       ('Ninh Bình'),
       ('Thanh Hóa'),
       ('Nghệ An'),
       ('Hà Tĩnh'),
       ('Quảng Trị'),
       ('Thành phố Huế'),
       ('Thành phố Đà Nẵng'),
       ('Quảng Ngãi'),
       ('Gia Lai'),
       ('Đắk Lắk'),
       ('Khánh Hòa'),
       ('Lâm Đồng'),
       ('Đồng Nai'),
       ('Tây Ninh'),
       ('Thành phố Hồ Chí Minh'),
       ('Đồng Tháp'),
       ('An Giang'),
       ('Vĩnh Long'),
       ('Thành phố Cần Thơ'),
       ('Cà Mau');

-- Import Ward

-- Hà Nội ward
INSERT INTO location_ward (ward_name, city_id)
VALUES ('Ba Đình', 12),
       ('Ngọc Hà', 12),
       ('Giảng Võ', 12),
       ('Hoàn Kiếm', 12),
       ('Cửa Nam', 12),
       ('Phú Thượng', 12),
       ('Hồng Hà', 12),
       ('Tây Hồ', 12),
       ('Bồ Đề', 12),
       ('Việt Hưng', 12),
       ('Phúc Lợi', 12),
       ('Long Biên', 12),
       ('Nghĩa Đô', 12),
       ('Cầu Giấy', 12),
       ('Yên Hòa', 12),
       ('Ô Chợ Dừa', 12),
       ('Láng', 12),
       ('Văn Miếu - Quốc Tử Giám', 12),
       ('Kim Liên', 12),
       ('Đống Đa', 12),
       ('Hai Bà Trưng', 12),
       ('Vĩnh Tuy', 12),
       ('Bạch Mai', 12),
       ('Vĩnh Hưng', 12),
       ('Định Công', 12),
       ('Tương Mai', 12),
       ('Lĩnh Nam', 12),
       ('Hoàng Mai', 12),
       ('Hoàng Liệt', 12),
       ('Yên Sở', 12),
       ('Phương Liệt', 12),
       ('Khương Đình', 12),
       ('Thanh Xuân', 12),
       ('Từ Liêm', 12),
       ('Thượng Cát', 12),
       ('Đông Ngạc', 12),
       ('Xuân Đỉnh', 12),
       ('Tây Tựu', 12),
       ('Phú Diễn', 12),
       ('Xuân Phương', 12),
       ('Tây Mỗ', 12),
       ('Đại Mỗ', 12),
       ('Thanh Liệt', 12),
       ('Kiến Hưng', 12),
       ('Hà Đông', 12),
       ('Yên Nghĩa', 12),
       ('Phú Lương', 12),
       ('Sơn Tây', 12),
       ('Tùng Thiện', 12),
       ('Dương Nội', 12);

INSERT INTO location_ward (ward_name, city_id)
VALUES ('Chương Mỹ', 12),
       ('Sóc Sơn', 12),
       ('Kim Anh', 12),
       ('Trung Giã', 12),
       ('Đa Phúc', 12),
       ('Nội Bài', 12),
       ('Đông Anh', 12),
       ('Phúc Thịnh', 12),
       ('Thư Lâm', 12),
       ('Thiên Lộc', 12),
       ('Vĩnh Thanh', 12),
       ('Phù Đổng', 12),
       ('Thuận An', 12),
       ('Gia Lâm', 12),
       ('Bát Tràng', 12),
       ('Thanh Trì', 12),
       ('Đại Thanh', 12),
       ('Ngọc Hồi', 12),
       ('Nam Phù', 12),
       ('Yên Xuân', 12),
       ('Quang Minh', 12),
       ('Yên Lãng', 12),
       ('Tiến Thắng', 12),
       ('Mê Linh', 12),
       ('Đoài Phương', 12),
       ('Quảng Oai', 12),
       ('Cổ Đô', 12),
       ('Minh Châu', 12),
       ('Vật Lại', 12),
       ('Bất Bạt', 12),
       ('Suối Hai', 12),
       ('Ba Vì', 12),
       ('Yên Bài', 12),
       ('Phúc Thọ', 12),
       ('Phúc Lộc', 12),
       ('Hát Môn', 12),
       ('Đan Phượng', 12),
       ('Liên Minh', 12),
       ('Ô Diên', 12),
       ('Hoài Đức', 12),
       ('Dương Hòa', 12),
       ('Sơn Đồng', 12),
       ('An Khánh', 12),
       ('Quốc Oai', 12),
       ('Kiều Phú', 12),
       ('Hưng Đạo', 12),
       ('Phú Cát', 12),
       ('Thạch Thất', 12),
       ('Hạ Bằng', 12),
       ('Hòa Lạc', 12),
       ('Tây Phương', 12),
       ('Phú Nghĩa', 12),
       ('Xuân Mai', 12),
       ('Quảng Bị', 12),
       ('Trần Phú', 12),
       ('Hòa Phú', 12),
       ('Thanh Oai', 12),
       ('Bình Minh', 12),
       ('Tam Hưng', 12),
       ('Dân Hòa', 12),
       ('Thường Tín', 12),
       ('Hồng Vân', 12),
       ('Thượng Phúc', 12),
       ('Chương Dương', 12),
       ('Phú Xuyên', 12),
       ('Phượng Dực', 12),
       ('Chuyên Mỹ', 12),
       ('Đại Xuyên', 12),
       ('Vân Đình', 12),
       ('Ứng Thiên', 12),
       ('Ứng Hòa', 12),
       ('Hòa Xá', 12),
       ('Mỹ Đức', 12),
       ('Phúc Sơn', 12),
       ('Hồng Sơn', 12),
       ('Hương Sơn', 12);

-- Cao Bằng
INSERT INTO location_ward (ward_name, city_id)
VALUES ('Thục Phán', 2),
       ('Nùng Trí Cao', 2),
       ('Tân Giang', 2),
       ('Bảo Lâm', 2),
       ('Lý Bôn', 2),
       ('Nam Quang', 2),
       ('Quảng Lâm', 2),
       ('Yên Thổ', 2),
       ('Bảo Lạc', 2),
       ('Cốc Pàng', 2),
       ('Cô Ba', 2),
       ('Khánh Xuân', 2),
       ('Xuân Trường', 2),
       ('Hưng Đạo', 2),
       ('Huy Giáp', 2),
       ('Sơn Lộ', 2),
       ('Thông Nông', 2),
       ('Cần Yên', 2),
       ('Thanh Long', 2),
       ('Trường Hà', 2),
       ('Lũng Nặm', 2),
       ('Tổng Cọt', 2),
       ('Hà Quảng', 2),
       ('Trà Lĩnh', 2),
       ('Quang Hán', 2),
       ('Quang Trung', 2),
       ('Trùng Khánh', 2),
       ('Đình Phong', 2),
       ('Đàm Thủy', 2),
       ('Đoài Dương', 2),
       ('Lý Quốc', 2),
       ('Quang Long', 2),
       ('Hạ Lang', 2),
       ('Vinh Quý', 2),
       ('Quảng Uyên', 2),
       ('Độc Lập', 2),
       ('Hạnh Phúc', 2),
       ('Bế Văn Đàn', 2),
       ('Phục Hòa', 2),
       ('Hòa An', 2),
       ('Nam Tuấn', 2),
       ('Nguyễn Huệ', 2),
       ('Bạch Đằng', 2),
       ('Nguyên Bình', 2),
       ('Tĩnh Túc', 2),
       ('Ca Thành', 2),
       ('Minh Tâm', 2),
       ('Phan Thanh', 2),
       ('Tam Kim', 2),
       ('Thành Công', 2),
       ('Đông Khê', 2),
       ('Canh Tân', 2),
       ('Kim Đồng', 2),
       ('Minh Khai', 2),
       ('Thạch An', 2),
       ('Đức Long', 2);

-- Tuyên Quang
INSERT INTO location_ward (ward_name, city_id)
VALUES ('Hà Giang 2', 1),
       ('Hà Giang 1', 1),
       ('Nông Tiến', 1),
       ('Minh Xuân', 1),
       ('Mỹ Lâm', 1),
       ('An Tường', 1),
       ('Bình Thuận', 1),
       ('Ngọc Đường', 1),
       ('Phú Linh', 1),
       ('Lũng Cú', 1),
       ('Đồng Văn', 1),
       ('Sà Phìn', 1),
       ('Phó Bảng', 1),
       ('Lũng Phìn', 1),
       ('Mèo Vạc', 1),
       ('Sơn Vĩ', 1),
       ('Sủng Máng', 1),
       ('Khâu Vai', 1),
       ('Tát Ngà', 1),
       ('Niêm Sơn', 1),
       ('Yên Minh', 1),
       ('Thắng Mố', 1),
       ('Bạch Đích', 1),
       ('Mậu Duệ', 1),
       ('Ngọc Long', 1),
       ('Đường Thượng', 1),
       ('Du Già', 1),
       ('Quản Bạ', 1),
       ('Cán Tỷ', 1),
       ('Nghĩa Thuận', 1),
       ('Tùng Vài', 1),
       ('Lùng Tám', 1),
       ('Vị Xuyên', 1),
       ('Minh Tân', 1),
       ('Thuận Hòa', 1),
       ('Tùng Bá', 1),
       ('Thanh Thủy', 1),
       ('Lao Chải', 1),
       ('Cao Bồ', 1),
       ('Thượng Sơn', 1),
       ('Việt Lâm', 1),
       ('Linh Hồ', 1),
       ('Bạch Ngọc', 1),
       ('Minh Sơn', 1),
       ('Giáp Trung', 1),
       ('Bắc Mê', 1),
       ('Minh Ngọc', 1),
       ('Yên Cường', 1),
       ('Đường Hồng', 1),
       ('Hoàng Su Phì', 1),
       ('Bản Máy', 1),
       ('Thàng Tín', 1),
       ('Tân Tiến', 1),
       ('Pờ Ly Ngài', 1),
       ('Nậm Dịch', 1),
       ('Hồ Thầu', 1),
       ('Thông Nguyên', 1),
       ('Pà Vầy Sủ', 1),
       ('Xín Mần', 1),
       ('Trung Thịnh', 1),
       ('Nấm Dẩn', 1),
       ('Quảng Nguyên', 1),
       ('Khuôn Lùng', 1),
       ('Bắc Quang', 1),
       ('Vĩnh Tuy', 1),
       ('Đồng Tâm', 1),
       ('Tân Quang', 1),
       ('Bằng Hành', 1),
        ('Liên Hiệp', 1),
        ('Hùng An', 1),
        ('Đồng Yên', 1),
        ('Tiên Nguyên', 1),
        ('Yên Thành', 1),
        ('Quang Bình', 1),
        ('Tân Trịnh', 1),
        ('Bằng Lang', 1),
        ('Xuân Giang', 1),
        ('Tiên Yên', 1),
        ('Nà Hang', 1),
        ('Thượng Nông', 1),
        ('Côn Lôn', 1),
        ('Yên Hoa', 1),
        ('Hồng Thái', 1),
        ('Lâm Bình', 1),
        ('Thượng Lâm', 1),
        ('Chiêm Hóa', 1),
        ('Bình An', 1),
        ('Minh Quang', 1),
        ('Trung Hà', 1),
        ('Tân Mỹ', 1),
        ('Yên Lập', 1),
        ('Tân An', 1),
        ('Kiên Đài', 1),
        ('Kim Bình', 1),
        ('Hòa An', 1),
        ('Tri Phú', 1),
        ('Yên Nguyên', 1),
        ('Hàm Yên', 1),
        ('Bạch Xa', 1),
        ('Phù Lưu', 1),
        ('Yên Phú', 1),
        ('Bình Xa', 1),
        ('Thái Sơn', 1),
        ('Thái Hòa', 1),
        ('Hùng Đức', 1),
        ('Lực Hành', 1),
        ('Kiến Thiết', 1),
        ('Xuân Vân', 1),
        ('Hùng Lợi', 1),
        ('Trung Sơn', 1),
        ('Tân Long', 1),
        ('Yên Sơn', 1),
        ('Thái Bình', 1),
        ('Nhữ Khê', 1),
        ('Sơn Dương', 1),
        ('Tân Trào', 1),
        ('Bình Ca', 1),
        ('Minh Thanh', 1),
        ('Đông Thọ', 1),
        ('Tân Thanh', 1),
        ('Hồng Sơn', 1),
        ('Phú Lương', 1),
        ('Sơn Thủy', 1),
        ('Trường Sinh', 1);

-- Điện Biên
INSERT INTO location_ward (ward_name, city_id)
VALUES ('Điện Biên Phủ', 6),
       ('Mường Lay', 6),
       ('Mường Thanh', 6),
       ('Sín Thầu', 6),
       ('Mường Nhé', 6),
       ('Nậm Kè', 6),
       ('Mường Toong', 6),
       ('Quảng Lâm', 6),
       ('Mường Chà', 6),
       ('Nà Hỳ', 6),
       ('Na Sang', 6),
       ('Chà Tở', 6),
       ('Nà Bủng', 6),
       ('Mường Tùng', 6),
       ('Pa Ham', 6),
       ('Nậm Nèn', 6),
       ('Si Pa Phìn', 6),
       ('Mường Pồn', 6),
       ('Na Son', 6),
       ('Xa Dung', 6),
       ('Mường Luân', 6),
       ('Tủa Chùa', 6),
       ('Tủa Thàng', 6),
       ('Sín Chải', 6),
       ('Sính Phình', 6),
       ('Sáng Nhè', 6),
       ('Tuần Giáo', 6),
       ('Mường Ảng', 6),
       ('Pú Nhung', 6),
       ('Mường Mùn', 6),
       ('Chiềng Sinh', 6),
       ('Quài Tở', 6),
       ('Búng Lao', 6),
       ('Mường Lạn', 6),
       ('Nà Tấu', 6),
       ('Mường Phăng', 6),
       ('Thanh Nưa', 6),
       ('Thanh Yên', 6),
       ('Thanh An', 6),
       ('Sam Mứn', 6),
       ('Núa Ngam', 6),
       ('Mường Nhà', 6),
       ('Pu Nhi', 6),
       ('Phình Giàng', 6),
       ('Tìa Dình', 6);

-- Lai Châu
INSERT INTO location_ward (ward_name, city_id)
VALUES ('Đoàn Kết', 3),
       ('Tân Phong', 3),
       ('Bình Lư', 3),
       ('Sin Suối Hồ', 3),
       ('Tả Lèng', 3),
       ('Bản Bo', 3),
       ('Khun Há', 3),
       ('Bum Tở', 3),
       ('Nậm Hàng', 3),
       ('Thu Lũm', 3),
       ('Pa Ủ', 3),
       ('Mường Tè', 3),
       ('Mù Cả', 3),
       ('Hua Bum', 3),
       ('Tà Tổng', 3),
       ('Bum Nưa', 3),
       ('Mường Mô', 3),
       ('Sìn Hồ', 3),
       ('Lê Lợi', 3),
       ('Pa Tần', 3),
       ('Hồng Thu', 3),
       ('Nậm Tăm', 3),
       ('Tủa Sín Chải', 3),
       ('Pu Sam Cáp', 3),
       ('Nậm Mạ', 3),
       ('Nậm Cuổi', 3),
       ('Phong Thổ', 3),
       ('Sì Lở Lầu', 3),
       ('Dào San', 3),
       ('Khổng Lào', 3),
       ('Than Uyên', 3),
       ('Tân Uyên', 3),
       ('Mường Khoa', 3),
       ('Nậm Sỏ', 3),
       ('Pắc Ta', 3),
       ('Mường Than', 3),
       ('Mường Kim', 3),
       ('Khoen On', 3);

-- Sơn La
INSERT INTO location_ward (ward_name, city_id)
VALUES ('Tô Hiệu', 8),
       ('Chiềng An', 8),
       ('Chiềng Cơi', 8),
       ('Chiềng Sinh', 8),
       ('Mộc Sơn', 8),
       ('Mộc Châu', 8),
       ('Thảo Nguyên', 8),
       ('Vân Sơn', 8),
       ('Mường Chiên', 8),
       ('Mường Giôn', 8),
       ('Quỳnh Nhai', 8),
       ('Mường Sại', 8),
       ('Thuận Châu', 8),
       ('Bình Thuận', 8),
       ('Mường É', 8),
       ('Chiềng La', 8),
       ('Mường Khiêng', 8),
       ('Mường Bám', 8),
       ('Long Hẹ', 8),
       ('Co Mạ', 8),
       ('Nậm Lầu', 8),
       ('Muổi Nọi', 8),
       ('Mường La', 8),
       ('Chiềng Lao', 8),
       ('Ngọc Chiến', 8),
       ('Mường Bú', 8),
       ('Chiềng Hoa', 8),
       ('Bắc Yên', 8),
       ('Xím Vàng', 8),
       ('Tà Xùa', 8),
       ('Pắc Ngà', 8),
       ('Tạ Khoa', 8),
       ('Chiềng Sại', 8),
       ('Suối Tọ', 8),
       ('Mường Cơi', 8),
       ('Phù Yên', 8),
       ('Gia Phù', 8),
       ('Mường Bang', 8),
       ('Tường Hạ', 8),
       ('Kim Bon', 8),
       ('Tân Phong', 8),
       ('Chiềng Sơn', 8),
       ('Tân Yên', 8),
       ('Đoàn Kết', 8),
       ('Song Khủa', 8),
       ('Tô Múa', 8),
       ('Lóng Sập', 8),
       ('Vân Hồ', 8),
       ('Xuân Nha', 8),
       ('Yên Châu', 8),
       ('Chiềng Hặc', 8),
       ('Yên Sơn', 8),
       ('Lóng Phiêng', 8),
       ('Phiêng Khoài', 8),
       ('Mai Sơn', 8),
       ('Chiềng Sung', 8),
       ('Mường Chanh', 8),
       ('Chiềng Mung', 8),
       ('Chiềng Mai', 8),
       ('Tà Hộc', 8),
       ('Phiêng Cằm', 8),
       ('Phiêng Pằn', 8),
       ('Sông Mã', 8),
       ('Bó Sinh', 8),
       ('Mường Lầm', 8),
       ('Nậm Ty', 8),
       ('Chiềng Sơ', 8),
       ('Chiềng Khoong', 8),
       ('Huổi Một', 8),
       ('Mường Hung', 8),
       ('Chiềng Khương', 8),
       ('Púng Bánh', 8),
       ('Sốp Cộp', 8),
       ('Mường Lèo', 8),
       ('Mường Lạn', 8);

-- Lào Cai
INSERT INTO location_ward (ward_name, city_id)
VALUES ('Lào Cai', 4),
       ('Cam Đường', 4),
       ('Sa Pa', 4),
       ('Yên Bái', 4),
       ('Nam Cường', 4),
       ('Văn Phú', 4),
       ('Nghĩa Lộ', 4),
       ('Âu Lâu', 4),
       ('Trung Tâm', 4),
       ('Cầu Thia', 4),
       ('Hợp Thành', 4),
       ('Bát Xát', 4),
       ('A Mú Sung', 4),
       ('Trịnh Tường', 4),
       ('Y Tý', 4),
       ('Dền Sáng', 4),
       ('Bản Xèo', 4),
       ('Mường Hum', 4),
       ('Cốc San', 4),
       ('Pha Long', 4),
       ('Mường Khương', 4),
       ('Cao Sơn', 4),
       ('Bản Lầu', 4),
       ('Si Ma Cai', 4),
       ('Sín Chéng', 4),
       ('Bắc Hà', 4),
       ('Tả Củ Tỷ', 4),
       ('Lùng Phình', 4),
       ('Bản Liền', 4),
       ('Bảo Nhai', 4),
       ('Cốc Lầu', 4),
       ('Phong Hải', 4),
       ('Bảo Thắng', 4),
       ('Tằng Loỏng', 4),
       ('Gia Phú', 4),
       ('Xuân Quang', 4),
       ('Bảo Yên', 4),
       ('Nghĩa Đô', 4),
       ('Xuân Hòa', 4),
       ('Thượng Hà', 4),
       ('Bảo Hà', 4),
       ('Phúc Khánh', 4),
       ('Ngũ Chỉ Sơn', 4),
       ('Tả Phìn', 4),
       ('Tả Van', 4),
       ('Mường Bo', 4),
       ('Bản Hồ', 4),
       ('Võ Lao', 4),
       ('Nậm Chày', 4),
       ('Văn Bàn', 4),
       ('Nậm Xé', 4),
       ('Chiềng Ken', 4),
       ('Khánh Yên', 4),
       ('Dương Quỳ', 4),
       ('Minh Lương', 4),
       ('Lục Yên', 4),
       ('Lâm Thượng', 4),
       ('Tân Lĩnh', 4),
       ('Khánh Hòa', 4),
       ('Mường Lai', 4),
       ('Phúc Lợi', 4),
       ('Mậu A', 4),
       ('Lâm Giang', 4),
       ('Châu Quế', 4),
       ('Đông Cuông', 4),
       ('Phong Dụ Hạ', 4),
       ('Phong Dụ Thượng', 4),
       ('Tân Hợp', 4),
       ('Xuân Ái', 4),
       ('Mỏ Vàng', 4),
       ('Mù Cang Chải', 4),
       ('Nậm Có', 4),
       ('Khao Mang', 4),
       ('Lao Chải', 4),
       ('Chế Tạo', 4),
       ('Púng Luông', 4),
       ('Trấn Yên', 4),
       ('Quy Mông', 4),
       ('Lương Thịnh', 4),
       ('Việt Hồng', 4),
       ('Hưng Khánh', 4),
       ('Hạnh Phúc', 4),
       ('Tà Xi Láng', 4),
       ('Trạm Tấu', 4),
       ('Phình Hồ', 4),
       ('Tú Lệ', 4),
       ('Gia Hội', 4),
       ('Sơn Lương', 4),
       ('Liên Sơn', 4),
       ('Văn Chấn', 4),
       ('Cát Thịnh', 4),
       ('Chấn Thịnh', 4),
       ('Thượng Bằng La', 4),
       ('Nghĩa Tâm', 4),
       ('Yên Bình', 4),
       ('Thác Bà', 4),
       ('Cảm Nhân', 4),
       ('Yên Thành', 4),
       ('Bảo Ái', 4);

-- Thái Nguyên
INSERT INTO location_ward (ward_name, city_id)
VALUES ('Đức Xuân', 5),
       ('Bắc Kạn', 5),
       ('Phan Đình Phùng', 5),
       ('Quyết Thắng', 5),
       ('Gia Sàng', 5),
       ('Quan Triều', 5),
       ('Tích Lương', 5),
       ('Sông Công', 5),
       ('Bách Quang', 5),
       ('Bá Xuyên', 5),
       ('Linh Sơn', 5),
       ('Phúc Thuận', 5),
       ('Phổ Yên', 5),
       ('Vạn Xuân', 5),
       ('Trung Thành', 5),
       ('Phong Quang', 5),
       ('Bằng Thành', 5),
       ('Cao Minh', 5),
       ('Nghiên Loan', 5),
       ('Phúc Lộc', 5),
       ('Ba Bể', 5),
       ('Chợ Rã', 5),
       ('Thượng Minh', 5),
       ('Đồng Phúc', 5),
       ('Nà Phặc', 5),
       ('Bằng Vân', 5),
       ('Ngân Sơn', 5),
       ('Thượng Quan', 5),
       ('Hiệp Lực', 5),
       ('Phủ Thông', 5),
       ('Vĩnh Thông', 5),
       ('Cẩm Giàng', 5),
       ('Mỹ Thái', 5),
       ('Bạch Thông', 5),
       ('Chợ Đồn', 5),
       ('Nam Cường', 5),
       ('Quảng Bạch', 5),
       ('Yên Thịnh', 5),
       ('Nghĩa Tá', 5),
       ('Yên Phong', 5),
       ('Chợ Mới', 5),
       ('Thanh Mai', 5),
       ('Tân Kỳ', 5),
       ('Thanh Thịnh', 5),
       ('Yên Bình', 5),
       ('Văn Lang', 5),
       ('Cường Lợi', 5),
       ('Na Rì', 5),
       ('Trần Phú', 5),
       ('Côn Minh', 5),
       ('Xuân Dương', 5),
       ('Đại Phúc', 5),
       ('Tân Cương', 5),
       ('Lam Vỹ', 5),
       ('Kim Phượng', 5),
       ('Phượng Tiến', 5),
       ('Định Hóa', 5),
       ('Trung Hội', 5),
       ('Bình Yên', 5),
       ('Phú Đình', 5),
       ('Bình Thành', 5),
       ('Phú Lương', 5),
       ('Yên Trạch', 5),
       ('Hợp Thành', 5),
       ('Vô Tranh', 5),
       ('Trại Cau', 5),
       ('Văn Lăng', 5),
       ('Quang Sơn', 5),
       ('Văn Hán', 5),
       ('Đồng Hỷ', 5),
       ('Nam Hòa', 5),
       ('Võ Nhai', 5),
       ('Sảng Mộc', 5),
       ('Nghinh Tường', 5),
       ('Thần Sa', 5),
       ('La Hiên', 5),
       ('Tràng Xá', 5),
       ('Dân Tiến', 5),
       ('Phú Xuyên', 5),
       ('Đức Lương', 5),
       ('Phú Lạc', 5),
       ('Phú Thịnh', 5),
       ('An Khánh', 5),
       ('La Bằng', 5),
       ('Đại Từ', 5),
       ('Vạn Phú', 5),
       ('Quân Chu', 5),
       ('Thành Công', 5),
       ('Phú Bình', 5),
       ('Tân Khánh', 5),
       ('Tân Thành', 5),
       ('Điềm Thụy', 5),
       ('Kha Sơn', 5);

-- Lạng Sơn
INSERT INTO location_ward (ward_name, city_id)
VALUES ('Đông Kinh', 7),
       ('Lương Văn Tri', 7),
       ('Tam Thanh', 7),
       ('Kỳ Lừa', 7),
       ('Đoàn Kết', 7),
       ('Quốc Khánh', 7),
       ('Tân Tiến', 7),
       ('Kháng Chiến', 7),
       ('Thất Khê', 7),
       ('Tràng Định', 7),
       ('Quốc Việt', 7),
       ('Hoa Thám', 7),
       ('Quý Hòa', 7),
       ('Hồng Phong', 7),
       ('Kim Bôi', 7),
       ('Thiện Hòa', 7),
       ('Thiện Thuật', 7),
       ('Thiện Long', 7),
       ('Bình Gia', 7),
       ('Tân Văn', 7),
       ('Na Sầm', 7),
       ('Thụy Hùng', 7),
       ('Hội Hoan', 7),
       ('Văn Lãng', 7),
       ('Hoàng Văn Thụ', 7),
       ('Đồng Đăng', 7),
       ('Ba Sơn', 7),
       ('Cao Lộc', 7),
       ('Công Sơn', 7),
       ('Văn Quan', 7),
       ('Điềm He', 7),
       ('Khánh Khê', 7),
       ('Yên Phúc', 7),
       ('Tri Lễ', 7),
       ('Tân Đoàn', 7),
       ('Bắc Sơn', 7),
       ('Tân Tri', 7),
       ('Hưng Vũ', 7),
       ('Vũ Lễ', 7),
       ('Vũ Lăng', 7),
       ('Nhất Hòa', 7),
       ('Hữu Lũng', 7),
       ('Yên Bình', 7),
       ('Hữu Liên', 7),
       ('Vân Nham', 7),
       ('Cai Kinh', 7),
       ('Thiện Tân', 7),
       ('Tân Thành', 7),
       ('Tuấn Sơn', 7),
       ('Chi Lăng', 7),
       ('Bằng Mạc', 7),
       ('Chiến Thắng', 7),
       ('Nhân Lý', 7),
       ('Vạn Linh', 7),
       ('Quan Sơn', 7),
       ('Na Dương', 7),
       ('Lộc Bình', 7),
       ('Mẫu Sơn', 7),
       ('Khuất Xá', 7),
       ('Thống Nhất', 7),
       ('Lợi Bác', 7),
       ('Xuân Dương', 7),
       ('Đình Lập', 7),
       ('Thái Bình', 7),
       ('Kiên Mộc', 7),
       ('Châu Sơn', 7);

-- Quảng Ninh
INSERT INTO location_ward (ward_name, city_id)
VALUES ('Hà Tu', 11),
       ('Cao Xanh', 11),
       ('Việt Hưng', 11),
       ('Bãi Cháy', 11),
       ('Hà Lầm', 11),
       ('Hồng Gai', 11),
       ('Hạ Long', 11),
       ('Tuần Châu', 11),
       ('Móng Cái 2', 11),
       ('Móng Cái 1', 11),
       ('Móng Cái 3', 11),
       ('Mông Dương', 11),
       ('Quang Hanh', 11),
       ('Cửa Ông', 11),
       ('Cẩm Phả', 11),
       ('Uông Bí', 11),
       ('Vàng Danh', 11),
       ('Yên Tử', 11),
       ('Hoành Bồ', 11),
       ('Mạo Khê', 11),
       ('Bình Khê', 11),
       ('An Sinh', 11),
       ('Đông Triều', 11),
       ('Hoàng Quế', 11),
       ('Quảng Yên', 11),
       ('Đông Mai', 11),
       ('Hiệp Hòa', 11),
       ('Hà An', 11),
       ('Liên Hòa', 11),
       ('Phong Cốc', 11),
       ('Hải Sơn', 11),
       ('Hải Ninh', 11),
       ('Vĩnh Thực', 11),
       ('Hải Hòa', 11),
       ('Bình Liêu', 11),
       ('Hoành Mô', 11),
       ('Lục Hồn', 11),
       ('Tiên Yên', 11),
       ('Điền Xá', 11),
       ('Đông Ngũ', 11),
       ('Hải Lạng', 11),
       ('Đầm Hà', 11),
       ('Quảng Tân', 11),
       ('Quảng Hà', 11),
       ('Quảng Đức', 11),
       ('Đường Hoa', 11),
       ('Cái Chiên', 11),
       ('Ba Chẽ', 11),
       ('Kỳ Thượng', 11),
       ('Lương Minh', 11),
       ('Quảng La', 11),
       ('Thống Nhất', 11),
       ('Vân Đồn', 11),
       ('Cô Tô', 11);

-- Bắc Ninh
INSERT INTO location_ward (ward_name, city_id)
VALUES ('Bắc Giang', 10),
       ('Đa Mai', 10),
       ('Chũ', 10),
       ('Phượng Sơn', 10),
       ('Yên Dũng', 10),
       ('Tân An', 10),
       ('Tiền Phong', 10),
       ('Tân Tiến', 10),
       ('Cảnh Thụy', 10),
       ('Tự Lạn', 10),
       ('Việt Yên', 10),
       ('Nếnh', 10),
       ('Vân Hà', 10),
       ('Vũ Ninh', 10),
       ('Kinh Bắc', 10),
       ('Võ Cường', 10),
       ('Quế Võ', 10),
       ('Nhân Hòa', 10),
       ('Phương Liễu', 10),
       ('Nam Sơn', 10),
       ('Bồng Lai', 10),
       ('Đào Viên', 10),
       ('Hạp Lĩnh', 10),
       ('Từ Sơn', 10),
       ('Tam Sơn', 10),
       ('Phù Khê', 10),
       ('Đồng Nguyên', 10),
       ('Thuận Thành', 10),
       ('Mão Điền', 10),
       ('Trí Quả', 10),
       ('Trạm Lộ', 10),
       ('Song Liễu', 10),
       ('Ninh Xá', 10),
       ('Xuân Lương', 10),
       ('Tam Tiến', 10),
       ('Đồng Kỳ', 10),
       ('Yên Thế', 10),
       ('Bố Hạ', 10),
       ('Nhã Nam', 10),
       ('Phúc Hòa', 10),
       ('Quang Trung', 10),
       ('Tân Yên', 10),
       ('Ngọc Thiện', 10),
       ('Lạng Giang', 10),
       ('Tiên Lục', 10),
       ('Kép', 10),
       ('Tân Dĩnh', 10),
       ('Lục Nam', 10),
       ('Đông Phú', 10),
       ('Bảo Đài', 10),
       ('Nghĩa Phương', 10),
       ('Trường Sơn', 10),
       ('Lục Sơn', 10),
       ('Bắc Lũng', 10),
       ('Cẩm Lý', 10),
       ('Tân Sơn', 10),
       ('Sa Lý', 10),
       ('Biên Sơn', 10),
       ('Sơn Hải', 10),
       ('Kiên Lao', 10),
       ('Biển Động', 10),
       ('Lục Ngạn', 10),
       ('Đèo Gia', 10),
       ('Nam Dương', 10),
       ('Sơn Động', 10),
       ('Tây Yên Tử', 10),
       ('Vân Sơn', 10),
       ('Đại Sơn', 10),
       ('Yên Định', 10),
       ('An Lạc', 10),
       ('Tuấn Đạo', 10),
       ('Dương Hưu', 10),
       ('Đồng Việt', 10),
       ('Hoàng Vân', 10),
       ('Hiệp Hòa', 10),
       ('Hợp Thịnh', 10),
       ('Xuân Cẩm', 10),
       ('Yên Phong', 10),
       ('Tam Giang', 10),
       ('Yên Trung', 10),
       ('Tam Đa', 10),
       ('Văn Môn', 10),
       ('Phù Lãng', 10),
       ('Chi Lăng', 10),
       ('Tiên Du', 10),
       ('Liên Bão', 10),
       ('Đại Đồng', 10),
       ('Tân Chi', 10),
       ('Phật Tích', 10),
       ('Gia Bình', 10),
       ('Cao Đức', 10),
       ('Đại Lai', 10),
       ('Nhân Thắng', 10),
       ('Đông Cứu', 10),
       ('Lương Tài', 10),
       ('Trung Kênh', 10),
       ('Trung Chính', 10),
       ('Lâm Thao', 10);

-- Phú Thọ
INSERT INTO location_ward (ward_name, city_id)
VALUES ('Tân Hòa', 9),
       ('Hòa Bình', 9),
       ('Thống Nhất', 9),
       ('Kỳ Sơn', 9),
       ('Nông Trang', 9),
       ('Việt Trì', 9),
       ('Thanh Miếu', 9),
       ('Vân Phú', 9),
       ('Phú Thọ', 9),
       ('Âu Cơ', 9),
       ('Phong Châu', 9),
       ('Vĩnh Yên', 9),
       ('Vĩnh Phúc', 9),
       ('Phúc Yên', 9),
       ('Xuân Hòa', 9),
       ('Đà Bắc', 9),
       ('Đức Nhàn', 9),
       ('Tân Pheo', 9),
       ('Quy Đức', 9),
       ('Cao Sơn', 9),
       ('Tiền Phong', 9),
       ('Thịnh Minh', 9),
       ('Lương Sơn', 9),
       ('Liên Sơn', 9),
       ('Nật Sơn', 9),
       ('Mường Động', 9),
       ('Cao Dương', 9),
       ('Hợp Kim', 9),
       ('Dũng Tiến', 9),
       ('Cao Phong', 9),
       ('Thung Nai', 9),
       ('Mường Thàng', 9),
       ('Tân Lạc', 9),
       ('Mường Hoa', 9),
       ('Vân Sơn', 9),
       ('Mường Bi', 9),
       ('Toàn Thắng', 9),
       ('Mai Châu', 9),
       ('Tân Mai', 9),
       ('Pà Cò', 9),
       ('Bao La', 9),
       ('Mai Hạ', 9),
       ('Lạc Sơn', 9),
       ('Mường Vang', 9),
       ('Nhân Nghĩa', 9),
       ('Thượng Cốc', 9),
       ('Yên Phú', 9),
       ('Quyết Thắng', 9),
       ('Ngọc Sơn', 9),
       ('Đại Đồng', 9),
       ('Yên Thủy', 9),
       ('Lạc Lương', 9),
       ('Yên Trị', 9),
       ('Lạc Thủy', 9),
       ('An Nghĩa', 9),
       ('An Bình', 9),
       ('Đoan Hùng', 9),
       ('Bằng Luân', 9),
       ('Chí Đám', 9),
       ('Tây Cốc', 9),
       ('Chân Mộng', 9),
       ('Hạ Hòa', 9),
       ('Đan Thượng', 9),
       ('Hiền Lương', 9),
       ('Yên Kỳ', 9),
       ('Văn Lang', 9),
       ('Vĩnh Chân', 9),
       ('Thanh Ba', 9),
       ('Quảng Yên', 9),
       ('Hoàng Cương', 9),
       ('Đông Thành', 9),
       ('Chí Tiên', 9),
       ('Liên Minh', 9),
       ('Phù Ninh', 9),
       ('Phú Mỹ', 9),
       ('Trạm Thản', 9),
       ('Dân Chủ', 9),
       ('Bình Phú', 9),
       ('Yên Lập', 9),
       ('Sơn Lương', 9),
       ('Xuân Viên', 9),
       ('Trung Sơn', 9),
       ('Thượng Long', 9),
       ('Minh Hòa', 9),
       ('Cẩm Khê', 9),
       ('Tiên Lương', 9),
       ('Vân Bán', 9),
       ('Phú Khê', 9),
       ('Hùng Việt', 9),
       ('Đồng Lương', 9),
       ('Tam Nông', 9),
       ('Hiền Quan', 9),
       ('Vạn Xuân', 9),
       ('Thọ Văn', 9),
       ('Lâm Thao', 9),
       ('Xuân Lũng', 9),
       ('Hy Cương', 9),
       ('Phùng Nguyên', 9),
       ('Bản Nguyên', 9),
       ('Thanh Sơn', 9),
       ('Thu Cúc', 9),
       ('Lai Đồng', 9),
       ('Tân Sơn', 9),
       ('Võ Miếu', 9),
       ('Xuân Đài', 9),
       ('Minh Đài', 9),
       ('Văn Miếu', 9),
       ('Cự Đồng', 9),
       ('Long Cốc', 9),
       ('Hương Cần', 9),
       ('Khả Cửu', 9),
       ('Yên Sơn', 9),
       ('Đào Xá', 9),
       ('Thanh Thủy', 9),
       ('Tu Vũ', 9),
       ('Lập Thạch', 9),
       ('Hợp Lý', 9),
       ('Yên Lãng', 9),
       ('Hải Lựu', 9),
       ('Thái Hòa', 9),
       ('Liên Hòa', 9),
       ('Tam Sơn', 9),
       ('Tiên Lữ', 9),
       ('Sông Lô', 9),
       ('Sơn Đông', 9),
       ('Tam Dương', 9),
       ('Tam Dương Bắc', 9),
       ('Hoàng An', 9),
       ('Hội Thịnh', 9),
       ('Tam Đảo', 9),
       ('Đạo Trù', 9),
       ('Đại Đình', 9),
       ('Bình Nguyên', 9),
       ('Bình Tuyền', 9),
       ('Bình Xuyên', 9),
       ('Xuân Lãng', 9),
       ('Yên Lạc', 9),
       ('Tề Lỗ', 9),
       ('Tam Hồng', 9),
       ('Nguyệt Đức', 9),
       ('Liên Châu', 9),
       ('Vĩnh Tường', 9),
       ('Vĩnh An', 9),
       ('Vĩnh Hưng', 9),
       ('Vĩnh Thành', 9),
       ('Thổ Tang', 9),
       ('Vĩnh Phú', 9);

-- Hải Phòng
INSERT INTO location_ward (ward_name, city_id)
VALUES ('Thành Đông', 13),
       ('Hải Dương', 13),
       ('Lê Thanh Nghị', 13),
       ('Tân Hưng', 13),
       ('Việt Hòa', 13),
       ('Chí Linh', 13),
       ('Chu Văn An', 13),
       ('Nguyễn Trãi', 13),
       ('Trần Hưng Đạo', 13),
       ('Trần Nhân Tông', 13),
       ('Lê Đại Hành', 13),
       ('Ái Quốc', 13),
       ('Kinh Môn', 13),
       ('Bắc An Phụ', 13),
       ('Nhị Chiểu', 13),
       ('Phạm Sư Mạnh', 13),
       ('Trần Liễu', 13),
       ('Nguyễn Đại Năng', 13),
       ('Nam Đồng', 13),
       ('Tứ Minh', 13),
       ('Thạch Khôi', 13),
       ('Hồng Bàng', 13),
       ('Ngô Quyền', 13),
       ('Gia Viên', 13),
       ('Lê Chân', 13),
       ('An Biên', 13),
       ('Đông Hải', 13),
       ('Hải An', 13),
       ('Kiến An', 13),
       ('Phù Liễn', 13),
       ('Đồ Sơn', 13),
       ('Bạch Đằng', 13),
       ('Lưu Kiếm', 13),
       ('Lê Ích Mộc', 13),
       ('Hòa Bình', 13),
       ('Nam Triệu', 13),
       ('Thiên Hương', 13),
       ('Thủy Nguyên', 13),
       ('An Dương', 13),
       ('An Phong', 13),
       ('Hồng An', 13),
       ('An Hải', 13),
       ('Hưng Đạo', 13),
       ('Dương Kinh', 13),
       ('Nam Đồ Sơn', 13),
       ('Nam Sách', 13),
       ('Hợp Tiến', 13),
       ('Trần Phú', 13),
       ('Thái Tân', 13),
       ('An Phú', 13),
       ('Nam An Phụ', 13),
       ('Phú Thái', 13),
       ('Lai Khê', 13),
       ('An Thành', 13),
       ('Kim Thành', 13),
       ('Thanh Hà', 13),
       ('Hà Bắc', 13),
       ('Hà Nam', 13),
       ('Hà Tây', 13),
       ('Hà Đông', 13),
       ('Cẩm Giang', 13),
       ('Cẩm Giàng', 13),
       ('Tuệ Tĩnh', 13),
       ('Mao Điền', 13),
       ('Kẻ Sặt', 13),
       ('Bình Giang', 13),
       ('Đường An', 13),
       ('Thượng Hồng', 13),
       ('Gia Lộc', 13),
       ('Yết Kiêu', 13),
       ('Gia Phúc', 13),
       ('Trường Tân', 13),
       ('Tứ Kỳ', 13),
       ('Đại Sơn', 13),
       ('Tân Kỳ', 13),
       ('Chí Minh', 13),
       ('Lạc Phượng', 13),
       ('Nguyên Giáp', 13),
       ('Vĩnh Lại', 13),
       ('Tân An', 13),
       ('Ninh Giang', 13),
       ('Hồng Châu', 13),
       ('Khúc Thừa Dụ', 13),
       ('Thanh Miện', 13),
       ('Nguyễn Lương Bằng', 13),
       ('Bắc Thanh Miện', 13),
       ('Hải Hưng', 13),
       ('Nam Thanh Miện', 13),
       ('Việt Khê', 13),
       ('An Lão', 13),
       ('An Trường', 13),
       ('An Quang', 13),
       ('An Khánh', 13),
       ('An Hưng', 13),
       ('Kiến Thụy', 13),
       ('Nghi Dương', 13),
       ('Kiến Minh', 13),
       ('Kiến Hưng', 13),
       ('Kiến Hải', 13),
       ('Tiên Lãng', 13),
       ('Quyết Thắng', 13),
       ('Tân Minh', 13),
       ('Tiên Minh', 13),
       ('Chấn Hưng', 13),
       ('Hùng Thắng', 13),
       ('Vĩnh Bảo', 13),
       ('Vĩnh Thịnh', 13),
       ('Vĩnh Thuận', 13),
       ('Vĩnh Hòa', 13),
       ('Vĩnh Hải', 13),
       ('Vĩnh Am', 13),
       ('Nguyễn Bỉnh Khiêm', 13),
       ('Cát Hải', 13),
       ('Bạch Long Vĩ', 13);

-- Thanh Hóa
INSERT INTO location_ward (ward_name, city_id)
VALUES ('Hàm Rồng', 16),
       ('Hạc Thành', 16),
       ('Bỉm Sơn', 16),
       ('Quang Trung', 16),
       ('Đông Tiến', 16),
       ('Nguyệt Viên', 16),
       ('Đông Sơn', 16),
       ('Đông Quang', 16),
       ('Nam Sầm Sơn', 16),
       ('Quảng Phú', 16),
       ('Sầm Sơn', 16),
       ('Tĩnh Gia', 16),
       ('Ngọc Sơn', 16),
       ('Tân Dân', 16),
       ('Hải Lĩnh', 16),
       ('Đào Duy Từ', 16),
       ('Trúc Lâm', 16),
       ('Hải Bình', 16),
       ('Nghi Sơn', 16),
       ('Mường Lát', 16),
       ('Tam Chung', 16),
       ('Mường Lý', 16),
       ('Trung Lý', 16),
       ('Quang Chiểu', 16),
       ('Pù Nhi', 16),
       ('Nhi Sơn', 16),
       ('Mường Chanh', 16),
       ('Hồi Xuân', 16),
       ('Trung Thành', 16),
       ('Trung Sơn', 16),
       ('Phú Lệ', 16),
       ('Phú Xuân', 16),
       ('Hiền Kiệt', 16),
       ('Nam Xuân', 16),
       ('Thiên Phủ', 16),
       ('Bá Thước', 16),
       ('Điền Quang', 16),
       ('Điền Lư', 16),
       ('Quý Lương', 16),
       ('Pù Luông', 16),
       ('Cổ Lũng', 16),
       ('Văn Nho', 16),
       ('Thiết Ống', 16),
       ('Trung Hạ', 16),
       ('Tam Thanh', 16),
       ('Sơn Thủy', 16),
       ('Na Mèo', 16),
       ('Quan Sơn', 16),
       ('Tam Lư', 16),
       ('Sơn Điện', 16),
       ('Mường Mìn', 16),
       ('Yên Khương', 16),
       ('Yên Thắng', 16),
       ('Giao An', 16),
       ('Văn Phú', 16),
       ('Linh Sơn', 16),
       ('Đồng Lương', 16),
       ('Ngọc Lặc', 16),
       ('Thạch Lập', 16),
       ('Ngọc Liên', 16),
       ('Nguyệt Ấn', 16),
       ('Kiên Thọ', 16),
       ('Minh Sơn', 16),
       ('Cẩm Thủy', 16),
       ('Cẩm Thạch', 16),
       ('Cẩm Tú', 16),
       ('Cẩm Vân', 16),
       ('Cẩm Tân', 16),
       ('Kim Tân', 16),
       ('Vân Du', 16),
       ('Thạch Quảng', 16),
       ('Thạch Bình', 16),
       ('Thành Vinh', 16),
       ('Ngọc Trạo', 16),
       ('Hà Trung', 16),
       ('Hà Long', 16),
       ('Hoạt Giang', 16),
       ('Lĩnh Toại', 16),
       ('Tống Sơn', 16),
       ('Vĩnh Lộc', 16),
       ('Tây Đô', 16),
       ('Biện Thượng', 16),
       ('Yên Phú', 16),
       ('Quý Lộc', 16),
       ('Yên Trường', 16),
       ('Yên Ninh', 16),
       ('Định Hòa', 16),
       ('Định Tân', 16),
       ('Yên Định', 16),
       ('Thọ Xuân', 16),
       ('Thọ Long', 16),
       ('Xuân Hòa', 16),
       ('Lam Sơn', 16),
       ('Sao Vàng', 16),
       ('Thọ Lập', 16),
       ('Xuân Tín', 16),
       ('Xuân Lập', 16),
       ('Bát Mọt', 16),
       ('Yên Nhân', 16),
       ('Vạn Xuân', 16),
       ('Lương Sơn', 16),
       ('Luận Thành', 16),
       ('Thắng Lộc', 16),
       ('Thường Xuân', 16),
       ('Xuân Chinh', 16),
       ('Tân Thành', 16),
       ('Triệu Sơn', 16),
       ('Thọ Bình', 16),
       ('Hợp Tiến', 16),
       ('Tân Ninh', 16),
       ('Đồng Tiến', 16),
       ('Thọ Ngọc', 16),
       ('Thọ Phú', 16),
       ('An Nông', 16),
       ('Thiệu Hóa', 16),
       ('Thiệu Tiến', 16),
       ('Thiệu Quang', 16),
       ('Thiệu Toán', 16),
       ('Thiệu Trung', 16),
       ('Hoằng Hóa', 16),
       ('Hoằng Giang', 16),
       ('Hoằng Phú', 16),
       ('Hoằng Sơn', 16),
       ('Hoằng Lộc', 16),
       ('Hoằng Châu', 16),
       ('Hoằng Tiến', 16),
       ('Hoằng Thanh', 16),
       ('Hậu Lộc', 16),
       ('Triệu Lộc', 16),
       ('Đông Thành', 16),
       ('Hoa Lộc', 16),
       ('Vạn Lộc', 16),
       ('Nga Sơn', 16),
       ('Tân Tiến', 16),
       ('Nga Thắng', 16),
       ('Hồ Vương', 16),
       ('Nga An', 16),
       ('Ba Đình', 16),
       ('Như Xuân', 16),
       ('Xuân Bình', 16),
       ('Hóa Quỳ', 16),
       ('Thanh Phong', 16),
       ('Thanh Quân', 16),
       ('Thượng Ninh', 16),
       ('Như Thanh', 16),
       ('Xuân Du', 16),
       ('Mậu Lâm', 16),
       ('Xuân Thái', 16),
       ('Yên Thọ', 16),
       ('Thanh Kỳ', 16),
       ('Nông Cống', 16),
       ('Trung Chính', 16),
       ('Thắng Lợi', 16),
       ('Thăng Bình', 16),
       ('Trường Văn', 16),
       ('Tượng Lĩnh', 16),
       ('Công Chính', 16),
       ('Lưu Vệ', 16),
       ('Quảng Yên', 16),
       ('Quảng Chính', 16),
       ('Quảng Ngọc', 16),
       ('Quảng Ninh', 16),
       ('Quảng Bình', 16),
       ('Tiên Trang', 16),
       ('Các Sơn', 16),
       ('Trường Lâm', 16);

-- Đà Nẵng
INSERT INTO location_ward (ward_name, city_id)
VALUES ('Hải Vân', 21),
       ('Liên Chiểu', 21),
       ('Hòa Khánh', 21),
       ('Thanh Khê', 21),
       ('Hải Châu', 21),
       ('Hòa Cường', 21),
       ('Cẩm Lệ', 21),
       ('Sơn Trà', 21),
       ('An Hải', 21),
       ('Ngũ Hành Sơn', 21),
       ('An Khê', 21),
       ('Hòa Xuân', 21),
       ('Bàn Thạch', 21),
       ('Tam Kỳ', 21),
       ('Hương Trà', 21),
       ('Quảng Phú', 21),
       ('Hội An Tây', 21),
       ('Hội An', 21),
       ('Hội An Đông', 21),
       ('Điện Bàn', 21),
       ('Điện Bàn Bắc', 21),
       ('An Thắng', 21),
       ('Điện Bàn Đông', 21),
       ('Bà Nà', 21),
       ('Hòa Vang', 21),
       ('Hòa Tiến', 21),
       ('Chiên Đàn', 21),
       ('Tây Hồ', 21),
       ('Phú Ninh', 21),
       ('Tân Hiệp', 21),
       ('Hùng Sơn', 21),
       ('Tây Giang', 21),
       ('Avương', 21),
       ('Đông Giang', 21),
       ('Sông Kôn', 21),
       ('Sông Vàng', 21),
       ('Bến Hiên', 21),
       ('Đại Lộc', 21),
       ('Thượng Đức', 21),
       ('Hà Nha', 21),
       ('Vu Gia', 21),
       ('Phú Thuận', 21),
       ('Điện Bàn Tây', 21),
       ('Gò Nổi', 21),
       ('Nam Phước', 21),
       ('Thu Bồn', 21),
       ('Duy Xuyên', 21),
       ('Duy Nghĩa', 21),
       ('Quế Sơn', 21),
       ('Xuân Phú', 21),
       ('Nông Sơn', 21),
       ('Quế Sơn Trung', 21),
       ('Quế Phước', 21),
       ('Thạnh Mỹ', 21),
       ('La Êê', 21),
       ('La Dêê', 21),
       ('Nam Giang', 21),
       ('Bến Giằng', 21),
       ('Đắc Pring', 21),
       ('Khâm Đức', 21),
       ('Phước Hiệp', 21),
       ('Phước Năng', 21),
       ('Phước Chánh', 21),
       ('Phước Thành', 21),
       ('Việt An', 21),
       ('Phước Trà', 21),
       ('Hiệp Đức', 21),
       ('Thăng Bình', 21),
       ('Thăng An', 21),
       ('Đồng Dương', 21),
       ('Thăng Phú', 21),
       ('Thăng Trường', 21),
       ('Thăng Điền', 21),
       ('Tiên Phước', 21),
       ('Sơn Cẩm Hà', 21),
       ('Lãnh Ngọc', 21),
       ('Thạnh Bình', 21),
       ('Trà My', 21),
       ('Trà Liên', 21),
       ('Trà Đốc', 21),
       ('Trà Tân', 21),
       ('Trà Giáp', 21),
       ('Trà Leng', 21),
       ('Trà Tập', 21),
       ('Nam Trà My', 21),
       ('Trà Linh', 21),
       ('Trà Vân', 21),
       ('Núi Thành', 21),
       ('Tam Xuân', 21),
       ('Đức Phú', 21),
       ('Tam Anh', 21),
       ('Tam Hải', 21),
       ('Tam Mỹ', 21),
       ('Hoàng Sa', 21);

-- Huế
INSERT INTO location_ward(ward_name, city_id)
VALUES ('Phú Xuân', 20),
       ('Kim Long', 20),
       ('Vỹ Dạ', 20),
       ('Thuận Hóa', 20),
       ('Hương An', 20),
       ('Thủy Xuân', 20),
       ('An Cựu', 20),
       ('Phong Điền', 20),
       ('Phong Phú', 20),
       ('Phong Dinh', 20),
       ('Phong Thái', 20),
       ('Phong Quảng', 20),
       ('Thuận An', 20),
       ('Dương Nỗ', 20),
       ('Mỹ Thượng', 20),
       ('Phú Bài', 20),
       ('Thanh Thủy', 20),
       ('Hương Thủy', 20),
       ('Hương Trà', 20),
       ('Hóa Châu', 20),
       ('Kim Trà', 20),
       ('Quảng Điền', 20),
       ('Đan Điền', 20),
       ('Phú Hồ', 20),
       ('Phú Vang', 20),
       ('Phú Vinh', 20),
       ('Bình Điền', 20),
       ('A Lưới 2', 20),
       ('A Lưới 5', 20),
       ('A Lưới 1', 20),
       ('A Lưới 3', 20),
       ('A Lưới 4', 20),
       ('Phú Lộc', 20),
       ('Vinh Lộc', 20),
       ('Hưng Lộc', 20),
       ('Chân Mây - Lăng Cô', 20),
       ('Lộc An', 20),
       ('Khe Tre', 20),
       ('Nam Đông', 20),
       ('Long Quảng', 20);

-- Khánh Hòa
INSERT INTO location_ward (ward_name, city_id)
VALUES ('Bắc Nha Trang', 25),
       ('Nha Trang', 25),
       ('Tây Nha Trang', 25),
       ('Nam Nha Trang', 25),
       ('Bắc Cam Ranh', 25),
       ('Cam Ranh', 25),
       ('Ba Ngòi', 25),
       ('Cam Linh', 25),
       ('Ninh Hòa', 25),
       ('Đông Ninh Hòa', 25),
       ('Hòa Thắng', 25),
       ('Đô Vinh', 25),
       ('Bảo An', 25),
       ('Phan Rang', 25),
       ('Đông Hải', 25),
       ('Ninh Chử', 25),
       ('Cam Hiệp', 25),
       ('Cam Lâm', 25),
       ('Cam An', 25),
       ('Nam Cam Ranh', 25),
       ('Vạn Ninh', 25),
       ('Tu Bông', 25),
       ('Đại Lãnh', 25),
       ('Vạn Thắng', 25),
       ('Vạn Hưng', 25),
       ('Bắc Ninh Hòa', 25),
       ('Tây Ninh Hòa', 25),
       ('Hòa Trí', 25),
       ('Tân Định', 25),
       ('Nam Ninh Hòa', 25),
       ('Khánh Vĩnh', 25),
       ('Trung Khánh Vĩnh', 25),
       ('Bắc Khánh Vĩnh', 25),
       ('Tây Khánh Vĩnh', 25),
       ('Nam Khánh Vĩnh', 25),
       ('Diên Khánh', 25),
       ('Diên Điền', 25),
       ('Diên Lâm', 25),
       ('Diên Thọ', 25),
       ('Diên Lạc', 25),
       ('Suối Hiệp', 25),
       ('Suối Dầu', 25),
       ('Khánh Sơn', 25),
       ('Tây Khánh Sơn', 25),
       ('Đông Khánh Sơn', 25),
       ('Bác Ái Tây', 25),
       ('Bác Ái', 25),
       ('Bác Ái Đông', 25),
       ('Ninh Sơn', 25),
       ('Lâm Sơn', 25),
       ('Mỹ Sơn', 25),
       ('Anh Dũng', 25),
       ('Công Hải', 25),
       ('Vĩnh Hải', 25),
       ('Thuận Bắc', 25),
       ('Ninh Hải', 25),
       ('Xuân Hải', 25),
       ('Ninh Phước', 25),
       ('Phước Hậu', 25),
       ('Phước Dinh', 25),
       ('Phước Hữu', 25),
       ('Thuận Nam', 25),
       ('Phước Hà', 25),
       ('Cà Ná', 25),
       ('Trường Sa', 25);

-- Lâm Đồng
INSERT INTO location_ward (ward_name, city_id)
VALUES ('Mũi Né', 26),
       ('Phú Thủy', 26),
       ('Hàm Thắng', 26),
       ('Phan Thiết', 26),
       ('Tiến Thành', 26),
       ('Bình Thuận', 26),
       ('Phước Hội', 26),
       ('La Gi', 26),
       ('Bắc Gia Nghĩa', 26),
       ('Nam Gia Nghĩa', 26),
       ('Đông Gia Nghĩa', 26),
       ('Lâm Viên - Đà Lạt', 26),
       ('Xuân Hương - Đà Lạt', 26),
       ('Cam Ly - Đà Lạt', 26),
       ('Xuân Trường - Đà Lạt', 26),
       ('2 Bảo Lộc', 26),
       ('1 Bảo Lộc', 26),
       ('B''Lao', 26),
       ('3 Bảo Lộc', 26),
       ('Lang Biang - Đà Lạt', 26),
       ('Tuyên Quang', 26),
       ('Liên Hương', 26),
       ('Phan Rí Cửa', 26),
       ('Tuy Phong', 26),
       ('Vĩnh Hảo', 26),
       ('Bắc Bình', 26),
       ('Phan Sơn', 26),
       ('Hải Ninh', 26),
       ('Sông Lũy', 26),
       ('Lương Sơn', 26),
       ('Hồng Thái', 26),
       ('Hòa Thắng', 26),
       ('Hàm Thuận', 26),
       ('La Dạ', 26),
       ('Đông Giang', 26),
       ('Hồng Sơn', 26),
       ('Hàm Thuận Bắc', 26),
       ('Hàm Liêm', 26),
       ('Hàm Thuận Nam', 26),
       ('Hàm Thạnh', 26),
       ('Hàm Kiệm', 26),
       ('Tân Lập', 26),
       ('Tân Thành', 26),
       ('Tánh Linh', 26),
       ('Bắc Ruộng', 26),
       ('Nghị Đức', 26),
       ('Đồng Kho', 26),
       ('Suối Kiết', 26),
       ('Đức Linh', 26),
       ('Hoài Đức', 26),
       ('Nam Thành', 26),
       ('Trà Tân', 26),
       ('Tân Minh', 26),
       ('Hàm Tân', 26),
       ('Tân Hải', 26),
       ('Sơn Mỹ', 26),
       ('Quảng Sơn', 26),
       ('Quảng Hòa', 26),
       ('Quảng Khê', 26),
       ('Tà Đùng', 26),
       ('Cư Jút', 26),
       ('Đắk Wil', 26),
       ('Nam Dong', 26),
       ('Đức Lập', 26),
       ('Đắk Mil', 26),
       ('Đắk Sắk', 26),
       ('Thuận An', 26),
       ('Krông Nô', 26),
       ('Nam Đà', 26),
       ('Nâm Nung', 26),
       ('Quảng Phú', 26),
       ('Đức An', 26),
       ('Đắk Song', 26),
       ('Thuận Hạnh', 26),
       ('Trường Xuân', 26),
       ('Kiến Đức', 26),
       ('Quảng Trực', 26),
       ('Tuy Đức', 26),
       ('Quảng Tân', 26),
       ('Nhân Cơ', 26),
       ('Quảng Tín', 26),
       ('Lạc Dương', 26),
       ('Đam Rông 4', 26),
       ('Nam Ban Lâm Hà', 26),
       ('Đinh Văn Lâm Hà', 26),
       ('Đam Rông 3', 26),
       ('Đam Rông 2', 26),
       ('Nam Hà Lâm Hà', 26),
       ('Đam Rông 1', 26),
       ('Phú Sơn Lâm Hà', 26),
       ('Phúc Thọ Lâm Hà', 26),
       ('Tân Hà Lâm Hà', 26),
       ('Đơn Dương', 26),
       ('D''Ran', 26),
       ('Ka Đô', 26),
       ('Quảng Lập', 26),
       ('Đức Trọng', 26),
       ('Hiệp Thạnh', 26),
       ('Tân Hội', 26),
       ('Ninh Gia', 26),
       ('Tà Năng', 26),
       ('Tà Hine', 26),
       ('Di Linh', 26),
       ('Đinh Trang Thượng', 26),
       ('Gia Hiệp', 26),
       ('Bảo Thuận', 26),
       ('Hòa Ninh', 26),
       ('Hòa Bắc', 26),
       ('Sơn Điền', 26),
       ('Bảo Lâm 1', 26),
       ('Bảo Lâm 5', 26),
       ('Bảo Lâm 4', 26),
       ('Bảo Lâm 2', 26),
       ('Bảo Lâm 3', 26),
       ('Đạ Huoai', 26),
       ('Đạ Huoai 2', 26),
       ('Đạ Huoai 3', 26),
       ('Đạ Tẻh', 26),
       ('Đạ Tẻh 3', 26),
       ('Đạ Tẻh 2', 26),
       ('Cát Tiên', 26),
       ('Cát Tiên 3', 26),
       ('Cát Tiên 2', 26),
       ('Phú Quý', 26);

-- Đồng Nai
INSERT INTO location_ward (ward_name, city_id)
VALUES ('Bình Phước', 27),
       ('Đồng Xoài', 27),
       ('Phước Long', 27),
       ('Phước Bình', 27),
       ('Bình Long', 27),
       ('An Lộc', 27),
       ('Chơn Thành', 27),
       ('Minh Hưng', 27),
       ('Trảng Dài', 27),
       ('Hố Nai', 27),
       ('Tam Hiệp', 27),
       ('Long Bình', 27),
       ('Trấn Biên', 27),
       ('Biên Hòa', 27),
       ('Long Khánh', 27),
       ('Bình Lộc', 27),
       ('Bảo Vinh', 27),
       ('Xuân Lập', 27),
       ('Hàng Gòn', 27),
       ('Tân Triều', 27),
       ('Tam Phước', 27),
       ('Phước Tân', 27),
       ('Long Hưng', 27),
       ('Bù Gia Mập', 27),
       ('Đăk Ơ', 27),
       ('Đa Kia', 27),
       ('Bình Tân', 27),
       ('Phú Riềng', 27),
       ('Long Hà', 27),
       ('Phú Trung', 27),
       ('Phú Nghĩa', 27),
       ('Lộc Ninh', 27),
       ('Lộc Tấn', 27),
       ('Lộc Thạnh', 27),
       ('Lộc Quang', 27),
       ('Lộc Thành', 27),
       ('Lộc Hưng', 27),
       ('Thiện Hưng', 27),
       ('Hưng Phước', 27),
       ('Tân Tiến', 27),
       ('Tân Hưng', 27),
       ('Minh Đức', 27),
       ('Tân Quan', 27),
       ('Tân Khai', 27),
       ('Đồng Phú', 27),
       ('Tân Lợi', 27),
       ('Thuận Lợi', 27),
       ('Đồng Tâm', 27),
       ('Bù Đăng', 27),
       ('Đak Nhau', 27),
       ('Thọ Sơn', 27),
       ('Bom Bo', 27),
       ('Nghĩa Trung', 27),
       ('Phước Sơn', 27),
       ('Nha Bích', 27),
       ('Tân Phú', 27),
       ('Đak Lua', 27),
       ('Nam Cát Tiên', 27),
       ('Tà Lài', 27),
       ('Phú Lâm', 27),
       ('Trị An', 27),
       ('Phú Lý', 27),
       ('Tân An', 27),
       ('Định Quán', 27),
       ('Thanh Sơn', 27),
       ('Phú Vinh', 27),
       ('Phú Hòa', 27),
       ('La Ngà', 27),
       ('Trảng Bom', 27),
       ('Bàu Hàm', 27),
       ('Bình Minh', 27),
       ('Hưng Thịnh', 27),
       ('An Viễn', 27),
       ('Thống Nhất', 27),
       ('Gia Kiệm', 27),
       ('Dầu Giây', 27),
       ('Xuân Quế', 27),
       ('Cẩm Mỹ', 27),
       ('Xuân Đường', 27),
       ('Xuân Đông', 27),
       ('Sông Ray', 27),
       ('Long Thành', 27),
       ('An Phước', 27),
       ('Bình An', 27),
       ('Long Phước', 27),
       ('Phước Thái', 27),
       ('Xuân Lộc', 27),
       ('Xuân Bắc', 27),
       ('Xuân Thành', 27),
       ('Xuân Hòa', 27),
       ('Xuân Phú', 27),
       ('Xuân Định', 27),
       ('Nhơn Trạch', 27),
       ('Đại Phước', 27),
       ('Phước An', 27);

-- Tây Ninh
INSERT INTO location_ward (ward_name, city_id)
VALUES ('Tân Ninh', 28),
       ('Bình Minh', 28),
       ('Ninh Thạnh', 28),
       ('Long Hoa', 28),
       ('Thanh Điền', 28),
       ('Hòa Thành', 28),
       ('Gò Dầu', 28),
       ('Gia Lộc', 28),
       ('Trảng Bàng', 28),
       ('An Tịnh', 28),
       ('Long An', 28),
       ('Tân An', 28),
       ('Khánh Hậu', 28),
       ('Kiến Tường', 28),
       ('Tân Biên', 28),
       ('Tân Lập', 28),
       ('Thạnh Bình', 28),
       ('Trà Vong', 28),
       ('Tân Châu', 28),
       ('Tân Đông', 28),
       ('Tân Hội', 28),
       ('Tân Hòa', 28),
       ('Tân Thành', 28),
       ('Tân Phú', 28),
       ('Dương Minh Châu', 28),
       ('Cầu Khởi', 28),
       ('Lộc Ninh', 28),
       ('Châu Thành', 28),
       ('Hảo Đước', 28),
       ('Phước Vinh', 28),
       ('Hòa Hội', 28),
       ('Ninh Điền', 28),
       ('Thạnh Đức', 28),
       ('Phước Thạnh', 28),
       ('Truông Mít', 28),
       ('Bến Cầu', 28),
       ('Long Chữ', 28),
       ('Long Thuận', 28),
       ('Hưng Thuận', 28),
       ('Phước Chỉ', 28),
       ('Tân Hưng', 28),
       ('Hưng Điền', 28),
       ('Vĩnh Thạnh', 28),
       ('Vĩnh Châu', 28),
       ('Vĩnh Hưng', 28),
       ('Khánh Hưng', 28),
       ('Tuyên Bình', 28),
       ('Bình Hiệp', 28),
       ('Bình Hòa', 28),
       ('Tuyên Thạnh', 28),
       ('Mộc Hóa', 28),
       ('Tân Thạnh', 28),
       ('Nhơn Hòa Lập', 28),
       ('Hậu Thạnh', 28),
       ('Nhơn Ninh', 28),
       ('Thạnh Hóa', 28),
       ('Bình Thành', 28),
       ('Thạnh Phước', 28),
       ('Tân Tây', 28),
       ('Đông Thành', 28),
       ('Mỹ Quý', 28),
       ('Đức Huệ', 28),
       ('Hậu Nghĩa', 28),
       ('Đức Hòa', 28),
       ('An Ninh', 28),
       ('Hiệp Hòa', 28),
       ('Đức Lập', 28),
       ('Mỹ Hạnh', 28),
       ('Hòa Khánh', 28),
       ('Bến Lức', 28),
       ('Thạnh Lợi', 28),
       ('Lương Hòa', 28),
       ('Bình Đức', 28),
       ('Mỹ Yên', 28),
       ('Thủ Thừa', 28),
       ('Mỹ Thạnh', 28),
       ('Mỹ An', 28),
       ('Tân Long', 28),
       ('Tân Trụ', 28),
       ('Nhựt Tảo', 28),
       ('Vàm Cỏ', 28),
       ('Cần Đước', 28),
       ('Rạch Kiến', 28),
       ('Long Cang', 28),
       ('Mỹ Lệ', 28),
       ('Tân Lân', 28),
       ('Long Hựu', 28),
       ('Cần Giuộc', 28),
       ('Phước Lý', 28),
       ('Mỹ Lộc', 28),
       ('An Phước', 28),
       ('Phước Vĩnh Tây', 28),
       ('Tân Tập', 28),
       ('Tầm Vu', 28),
       ('Vĩnh Công', 28),
       ('Thuận Mỹ', 28),
       ('An Lục Long', 28);

-- TP Hồ Chí Minh
INSERT INTO location_ward (ward_name, city_id)
VALUES ('Thủ Dầu Một', 29),
       ('Phú Lợi', 29),
       ('Bình Dương', 29),
       ('Phú An', 29),
       ('Chánh Hiệp', 29),
       ('Bến Cát', 29),
       ('Chánh Phú Hòa', 29),
       ('Long Nguyên', 29),
       ('Tây Nam', 29),
       ('Thới Hòa', 29),
       ('Hòa Lợi', 29),
       ('Tân Uyên', 29),
       ('Tân Khánh', 29),
       ('Vĩnh Tân', 29),
       ('Bình Cơ', 29),
       ('Tân Hiệp', 29),
       ('Dĩ An', 29),
       ('Tân Đông Hiệp', 29),
       ('Đông Hòa', 29),
       ('Lái Thiêu', 29),
       ('Thuận Giao', 29),
       ('An Phú', 29),
       ('Thuận An', 29),
       ('Bình Hòa', 29),
       ('Vũng Tàu', 29),
       ('Tam Thắng', 29),
       ('Rạch Dừa', 29),
       ('Phước Thắng', 29),
       ('Bà Rịa', 29),
       ('Long Hương', 29),
       ('Tam Long', 29),
       ('Phú Mỹ', 29),
       ('Tân Hải', 29),
       ('Tân Phước', 29),
       ('Tân Thành', 29),
       ('Tân Định', 29),
       ('Sài Gòn', 29),
       ('Bến Thành', 29),
       ('Cầu Ông Lãnh', 29),
       ('An Phú Đông', 29),
       ('Thới An', 29),
       ('Tân Thới Hiệp', 29),
       ('Trung Mỹ Tây', 29),
       ('Đông Hưng Thuận', 29),
       ('Linh Xuân', 29),
       ('Tam Bình', 29),
       ('Hiệp Bình', 29),
       ('Thủ Đức', 29),
       ('Long Bình', 29),
       ('Tăng Nhơn Phú', 29),
       ('Phước Long', 29),
       ('Long Phước', 29),
       ('Long Trường', 29),
       ('An Nhơn', 29),
       ('An Hội Đông', 29),
       ('An Hội Tây', 29),
       ('Gò Vấp', 29),
       ('Hạnh Thông', 29),
       ('Thông Tây Hội', 29),
       ('Bình Lợi Trung', 29),
       ('Bình Quới', 29),
       ('Bình Thạnh', 29),
       ('Gia Định', 29),
       ('Thạnh Mỹ Tây', 29),
       ('Tân Sơn Nhất', 29),
       ('Tân Sơn Hòa', 29),
       ('Bảy Hiền', 29),
       ('Tân Hòa', 29),
       ('Tân Bình', 29),
       ('Tân Sơn', 29),
       ('Tây Thạnh', 29),
       ('Tân Sơn Nhì', 29),
       ('Phú Thọ Hòa', 29),
       ('Phú Thạnh', 29),
       ('Tân Phú', 29),
       ('Đức Nhuận', 29),
       ('Cầu Kiệu', 29),
       ('Phú Nhuận', 29),
       ('An Khánh', 29),
       ('Bình Trưng', 29),
       ('Cát Lái', 29),
       ('Xuân Hòa', 29),
       ('Nhiêu Lộc', 29),
       ('Bàn Cờ', 29),
       ('Hòa Hưng', 29),
       ('Diên Hồng', 29),
       ('Vườn Lài', 29),
       ('Hòa Bình', 29);

INSERT INTO location_ward (ward_name, city_id)
VALUES ('Phú Thọ', 29),
       ('Bình Thới', 29),
       ('Minh Phụng', 29),
       ('Xóm Chiếu', 29),
       ('Khánh Hội', 29),
       ('Vĩnh Hội', 29),
       ('Chợ Quán', 29),
       ('An Đông', 29),
       ('Chợ Lớn', 29),
       ('Phú Lâm', 29),
       ('Bình Phú', 29),
       ('Bình Tây', 29),
       ('Bình Tiên', 29),
       ('Chánh Hưng', 29),
       ('Bình Đông', 29),
       ('Phú Định', 29),
       ('Bình Hưng Hòa', 29),
       ('Bình Tân', 29),
       ('Bình Trị Đông', 29),
       ('Tân Tạo', 29),
       ('An Lạc', 29),
       ('Tân Hưng', 29),
       ('Tân Thuận', 29),
       ('Phú Thuận', 29),
       ('Tân Mỹ', 29),
       ('Dầu Tiếng', 29),
       ('Minh Thạnh', 29),
       ('Long Hòa', 29),
       ('Thanh An', 29),
       ('Trừ Văn Thố', 29),
       ('Bàu Bàng', 29),
       ('Phú Giáo', 29),
       ('Phước Thành', 29),
       ('An Long', 29),
       ('Phước Hòa', 29),
       ('Bắc Tân Uyên', 29),
       ('Thường Tân', 29),
       ('Long Sơn', 29),
       ('Ngãi Giao', 29),
       ('Xuân Sơn', 29),
       ('Bình Giã', 29),
       ('Châu Đức', 29),
       ('Kim Long', 29),
       ('Nghĩa Thành', 29),
       ('Hồ Tràm', 29),
       ('Xuyên Mộc', 29),
       ('Bàu Lâm', 29),
       ('Hòa Hội', 29),
       ('Hòa Hiệp', 29),
       ('Bình Châu', 29),
       ('Long Điền', 29),
       ('Long Hải', 29),
       ('Đất Đỏ', 29),
       ('Phước Hải', 29),
       ('Châu Pha', 29),
       ('Tân An Hội', 29),
       ('An Nhơn Tây', 29),
       ('Nhuận Đức', 29),
       ('Thái Mỹ', 29),
       ('Phú Hòa Đông', 29),
       ('Bình Mỹ', 29),
       ('Củ Chi', 29),
       ('Hóc Môn', 29),
       ('Đông Thạnh', 29),
       ('Xuân Thới Sơn', 29),
       ('Bà Điểm', 29),
       ('Tân Nhựt', 29),
       ('Vĩnh Lộc', 29),
       ('Tân Vĩnh Lộc', 29),
       ('Bình Lợi', 29),
       ('Bình Hưng', 29),
       ('Hưng Long', 29),
       ('Bình Chánh', 29),
       ('Nhà Bè', 29),
       ('Hiệp Phước', 29),
       ('Cần Giờ', 29),
       ('Bình Khánh', 29),
       ('An Thới Đông', 29),
       ('Thạnh An', 29),
       ('Côn Đảo', 29);

-- Cần Thơ
INSERT INTO location_ward(ward_name, city_id)
VALUES ('Cái Khế', 33),
       ('Ninh Kiều', 33),
       ('Tân An', 33),
       ('An Bình', 33),
       ('Ô Môn', 33),
       ('Thới Long', 33),
       ('Phước Thới', 33),
       ('Bình Thủy', 33),
       ('Thới An Đông', 33),
       ('Long Tuyền', 33),
       ('Cái Răng', 33),
       ('Hưng Phú', 33),
       ('Thốt Nốt', 33),
       ('Tân Lộc', 33),
       ('Trung Nhứt', 33),
       ('Thuận Hưng', 33),
       ('Vị Thanh', 33),
       ('Vị Tân', 33),
       ('Ngã Bảy', 33),
       ('Đại Thành', 33),
       ('Long Mỹ', 33),
       ('Long Bình', 33),
       ('Long Phú 1', 33),
       ('Sóc Trăng', 33),
       ('Phú Lợi', 33),
       ('Mỹ Xuyên', 33),
       ('Ngã Năm', 33),
       ('Mỹ Quới', 33),
       ('Vĩnh Châu', 33),
       ('Khánh Hòa', 33),
       ('Vĩnh Phước', 33),
       ('Thạnh An', 33),
       ('Vĩnh Thạnh', 33),
       ('Vĩnh Trinh', 33),
       ('Thạnh Quới', 33),
       ('Thạnh Phú', 33),
       ('Trung Hưng', 33),
       ('Thới Lai', 33),
       ('Cờ Đỏ', 33),
       ('Thới Hưng', 33),
       ('Đông Hiệp', 33),
       ('Đông Thuận', 33),
       ('Trường Thành', 33),
       ('Trường Xuân', 33),
       ('Phong Điền', 33),
       ('Trường Long', 33),
       ('Nhơn Ái', 33),
       ('Hỏa Lựu', 33),
       ('Tân Hòa', 33),
       ('Trường Long Tây', 33),
       ('Thạnh Xuân', 33),
       ('Châu Thành', 33),
       ('Đông Phước', 33),
       ('Phú Hữu', 33),
       ('Hòa An', 33),
       ('Hiệp Hưng', 33),
       ('Tân Bình', 33),
       ('Thạnh Hòa', 33),
       ('Phụng Hiệp', 33),
       ('Phương Bình', 33),
       ('Tân Phước Hưng', 33),
       ('Vị Thủy', 33),
       ('Vĩnh Thuận Đông', 33),
       ('Vĩnh Tường', 33),
       ('Vị Thanh 1', 33),
       ('Vĩnh Viễn', 33),
       ('Lương Tâm', 33),
       ('Xà Phiên', 33),
       ('Kế Sách', 33),
       ('An Lạc Thôn', 33),
       ('Phong Nẫm', 33),
       ('Thới An Hội', 33),
       ('Nhơn Mỹ', 33),
       ('Đại Hải', 33),
       ('Mỹ Tú', 33),
       ('Phú Tâm', 33),
       ('Hồ Đắc Kiện', 33),
       ('Long Hưng', 33),
       ('Thuận Hòa', 33),
       ('Mỹ Hương', 33),
       ('An Ninh', 33),
       ('Mỹ Phước', 33),
       ('An Thạnh', 33),
       ('Cù Lao Dung', 33),
       ('Long Phú', 33),
       ('Đại Ngãi', 33),
       ('Trường Khánh', 33),
       ('Tân Thạnh', 33),
       ('Trần Đề', 33),
       ('Liêu Tú', 33),
       ('Lịch Hội Thượng', 33),
       ('Tài Văn', 33),
       ('Thạnh Thới An', 33),
       ('Nhu Gia', 33),
       ('Hòa Tú', 33),
       ('Ngọc Tố', 33),
       ('Gia Hòa', 33),
       ('Tân Long', 33),
       ('Phú Lộc', 33),
       ('Lâm Tân', 33),
       ('Vĩnh Lợi', 33),
       ('Vĩnh Hải', 33),
       ('Lai Hòa', 33);

-- Cà Mau
INSERT INTO location_ward(ward_name, city_id)
VALUES ('Bạc Liêu', 34),
       ('Vĩnh Trạch', 34),
       ('Hiệp Thành', 34),
       ('Giá Rai', 34),
       ('Láng Tròn', 34),
       ('An Xuyên', 34),
       ('Lý Văn Lâm', 34),
       ('Tân Thành', 34),
       ('Hòa Thành', 34),
       ('Hồng Dân', 34),
       ('Ninh Quới', 34),
       ('Vĩnh Lộc', 34),
       ('Ninh Thạnh Lợi', 34),
       ('Phước Long', 34),
       ('Vĩnh Phước', 34),
       ('Vĩnh Thanh', 34),
       ('Phong Hiệp', 34),
       ('Hòa Bình', 34),
       ('Châu Thới', 34),
       ('Vĩnh Lợi', 34),
       ('Hưng Hội', 34),
       ('Vĩnh Mỹ', 34),
       ('Vĩnh Hậu', 34),
       ('Phong Thạnh', 34),
       ('Gành Hào', 34),
       ('Đông Hải', 34),
       ('Long Điền', 34),
       ('An Trạch', 34),
       ('Định Thành', 34),
       ('Nguyễn Phích', 34),
       ('U Minh', 34),
       ('Khánh An', 34),
       ('Khánh Lâm', 34),
       ('Thới Bình', 34),
       ('Biển Bạch', 34),
       ('Trí Phải', 34),
       ('Tân Lộc', 34),
       ('Hồ Thị Kỷ', 34),
       ('Trần Văn Thời', 34),
       ('Sông Đốc', 34),
       ('Đá Bạc', 34),
       ('Khánh Bình', 34),
       ('Khánh Hưng', 34),
       ('Cái Nước', 34),
       ('Lương Thế Trân', 34),
       ('Tân Hưng', 34),
       ('Hưng Mỹ', 34),
       ('Đầm Dơi', 34),
       ('Tạ An Khương', 34),
       ('Trần Phán', 34),
       ('Tân Thuận', 34),
       ('Quách Phẩm', 34),
       ('Thanh Tùng', 34),
       ('Tân Tiến', 34),
       ('Năm Căn', 34),
       ('Đất Mới', 34),
       ('Tam Giang', 34),
       ('Cái Đôi Vàm', 34),
       ('Phú Mỹ', 34),
       ('Phú Tân', 34),
       ('Nguyễn Việt Khái', 34),
       ('Tân Ân', 34),
       ('Phan Ngọc Hiển', 34),
       ('Đất Mũi', 34);

-- Vĩnh Long
INSERT INTO location_ward(ward_name, city_id)
VALUES ('Phú Khương', 32),
       ('An Hội', 32),
       ('Sơn Đông', 32),
       ('Bến Tre', 32),
       ('Phú Tân', 32),
       ('Trà Vinh', 32),
       ('Nguyệt Hóa', 32),
       ('Long Đức', 32),
       ('Hòa Thuận', 32),
       ('Duyên Hải', 32),
       ('Trường Long Hòa', 32),
       ('Long Châu', 32),
       ('Phước Hậu', 32),
       ('Tân Ngãi', 32),
       ('Thanh Đức', 32),
       ('Tân Hạnh', 32),
       ('Cái Vồn', 32),
       ('Bình Minh', 32),
       ('Đông Thành', 32),
       ('Giao Long', 32),
       ('Phú Túc', 32),
       ('Tân Phú', 32),
       ('Tiên Thủy', 32),
       ('Chợ Lách', 32),
       ('Phú Phụng', 32),
       ('Vĩnh Thành', 32),
       ('Hưng Khánh Trung', 32),
       ('Mỏ Cày', 32),
       ('Phước Mỹ Trung', 32),
       ('Tân Thành Bình', 32),
       ('Đồng Khởi', 32),
       ('Nhuận Phú Tân', 32),
       ('An Định', 32),
       ('Thành Thới', 32),
       ('Hương Mỹ', 32),
       ('Giồng Trôm', 32),
       ('Lương Hòa', 32),
       ('Lương Phú', 32),
       ('Châu Hòa', 32),
       ('Phước Long', 32),
       ('Tân Hào', 32),
       ('Hưng Nhượng', 32),
       ('Bình Đại', 32),
       ('Phú Thuận', 32),
       ('Lộc Thuận', 32),
       ('Châu Hưng', 32),
       ('Thạnh Trị', 32),
       ('Thạnh Phước', 32),
       ('Thới Thuận', 32),
       ('Ba Tri', 32),
       ('Mỹ Chánh Hòa', 32),
       ('Bảo Thạnh', 32),
       ('Tân Xuân', 32),
       ('An Ngãi Trung', 32),
       ('An Hiệp', 32),
       ('Tân Thủy', 32),
       ('Thạnh Phú', 32),
       ('Quới Điền', 32),
       ('Đại Điền', 32),
       ('Thạnh Hải', 32),
       ('An Qui', 32),
       ('Thạnh Phong', 32),
       ('Càng Long', 32),
       ('An Trường', 32),
       ('Tân An', 32),
       ('Bình Phú', 32),
       ('Nhị Long', 32),
       ('Cầu Kè', 32),
       ('An Phú Tân', 32),
       ('Phong Thạnh', 32),
       ('Tam Ngãi', 32),
       ('Tiểu Cần', 32),
       ('Hùng Hòa', 32),
       ('Tập Ngãi', 32),
       ('Tân Hòa', 32),
       ('Châu Thành', 32),
       ('Song Lộc', 32),
       ('Hưng Mỹ', 32),
       ('Hòa Minh', 32),
       ('Long Hòa', 32),
       ('Cầu Ngang', 32),
       ('Mỹ Long', 32),
       ('Vinh Kim', 32),
       ('Nhị Trường', 32),
       ('Hiệp Mỹ', 32),
       ('Trà Cú', 32),
       ('Tập Sơn', 32),
       ('Lưu Nghiệp Anh', 32),
       ('Hàm Giang', 32),
       ('Đại An', 32),
       ('Đôn Châu', 32),
       ('Long Hiệp', 32),
       ('Long Thành', 32),
       ('Long Hữu', 32),
       ('Ngũ Lạc', 32),
       ('Long Vĩnh', 32),
       ('Đông Hải', 32),
       ('An Bình', 32),
       ('Long Hồ', 32),
       ('Phú Quới', 32),
       ('Nhơn Phú', 32),
       ('Bình Phước', 32),
       ('Cái Nhum', 32),
       ('Tân Long Hội', 32),
       ('Trung Thành', 32),
       ('Quới An', 32),
       ('Quới Thiện', 32),
       ('Trung Hiệp', 32),
       ('Trung Ngãi', 32),
       ('Hiếu Phụng', 32),
       ('Hiếu Thành', 32),
       ('Tam Bình', 32),
       ('Cái Ngang', 32),
       ('Hòa Hiệp', 32),
       ('Song Phú', 32),
       ('Ngãi Tứ', 32),
       ('Tân Lược', 32),
       ('Mỹ Thuận', 32),
       ('Tân Quới', 32),
       ('Trà Ôn', 32),
       ('Hòa Bình', 32),
       ('Trà Côn', 32),
       ('Vĩnh Xuân', 32),
       ('Lục Sĩ Thành', 32);

-- Insert skills into the skills table
INSERT INTO skills (skill_name)
VALUES
-- Skills for Công nghệ thông tin (11: Lập trình phần mềm, 12: Quản trị hệ thống, 13: An ninh mạng, 14: Phân tích dữ liệu)
('Java Programming'),
('Python Programming'),
('JavaScript Development'),
('DevOps Engineering'),
('System Administration'),
('Network Security'),
('Cybersecurity Analysis'),
('Data Analysis'),
('Machine Learning'),
('Database Management'),
-- Skills for Kế toán - Kiểm toán (15: Kế toán tổng hợp, 16: Kế toán thuế, 17: Kiểm toán nội bộ)
('General Accounting'),
('Tax Accounting'),
('Internal Auditing'),
('Financial Reporting'),
('Cost Accounting'),
-- Skills for Nhân sự (18: Tuyển dụng, 19: Đào tạo & Phát triển, 20: Chính sách & Lương thưởng)
('Recruitment'),
('Training and Development'),
('Compensation and Benefits'),
('HR Policy Management'),
('Employee Relations'),
-- Skills for Marketing (21: Digital Marketing, 22: Content Marketing, 23: Nghiên cứu thị trường)
('SEO Optimization'),
('Social Media Marketing'),
('Content Creation'),
('Market Research'),
('Brand Management'),
-- Skills for Kinh doanh - Bán hàng (24: Bán hàng trực tiếp, 25: Kinh doanh B2B, 26: Chăm sóc khách hàng)
('Direct Sales'),
('B2B Sales'),
('Customer Service'),
('Account Management'),
('Sales Negotiation'),
-- Skills for Giáo dục - Đào tạo (27: Giảng dạy, 28: Tư vấn giáo dục, 29: Quản lý đào tạo)
('Teaching'),
('Educational Consulting'),
('Training Program Management'),
('Curriculum Development'),
('Instructional Design'),
-- Skills for Logistics - Xuất nhập khẩu (30: Quản lý kho, 31: Vận tải quốc tế, 32: Khai báo hải quan)
('Warehouse Management'),
('International Shipping'),
('Customs Declaration'),
('Supply Chain Management'),
('Inventory Control'),
-- Skills for Thiết kế - Sáng tạo (33: Thiết kế đồ họa, 34: Thiết kế UI/UX, 35: Thiết kế nội thất)
('Graphic Design'),
('UI/UX Design'),
('Interior Design'),
('Motion Graphics'),
('3D Modeling'),
-- Skills for Y tế - Chăm sóc sức khỏe (36: Điều dưỡng, 37: Bác sĩ, 38: Dược sĩ)
('Nursing'),
('Medical Diagnosis'),
('Pharmacy'),
('Patient Care'),
('Clinical Research'),
-- Skills for Sản xuất - Vận hành (39: Quản lý sản xuất, 40: Kỹ thuật vận hành máy, 41: Bảo trì thiết bị)
('Production Management'),
('Machine Operation'),
('Equipment Maintenance'),
('Quality Control'),
('Process Engineering');

INSERT INTO skill_categories (skill_id, cate_id)
SELECT skill_id, 1 FROM skills WHERE skill_name IN ('Java Programming', 'Python Programming', 'JavaScript Development', 'DevOps Engineering', 'System Administration', 'Network Security', 'Cybersecurity Analysis', 'Data Analysis', 'Machine Learning', 'Database Management') -- Công nghệ thông tin
UNION
SELECT skill_id, 2 FROM skills WHERE skill_name IN ('General Accounting', 'Tax Accounting', 'Internal Auditing', 'Financial Reporting', 'Cost Accounting') -- Kế toán - Kiểm toán
UNION
SELECT skill_id, 3 FROM skills WHERE skill_name IN ('Recruitment', 'Training and Development', 'Compensation and Benefits', 'HR Policy Management', 'Employee Relations') -- Nhân sự
UNION
SELECT skill_id, 4 FROM skills WHERE skill_name IN ('SEO Optimization', 'Social Media Marketing', 'Content Creation', 'Market Research', 'Brand Management') -- Marketing
UNION
SELECT skill_id, 5 FROM skills WHERE skill_name IN ('Direct Sales', 'B2B Sales', 'Customer Service', 'Account Management', 'Sales Negotiation') -- Kinh doanh - Bán hàng
UNION
SELECT skill_id, 6 FROM skills WHERE skill_name IN ('Teaching', 'Educational Consulting', 'Training Program Management', 'Curriculum Development', 'Instructional Design') -- Giáo dục - Đào tạo
UNION
SELECT skill_id, 7 FROM skills WHERE skill_name IN ('Warehouse Management', 'International Shipping', 'Customs Declaration', 'Supply Chain Management', 'Inventory Control') -- Logistics - Xuất nhập khẩu
UNION
SELECT skill_id, 8 FROM skills WHERE skill_name IN ('Graphic Design', 'UI/UX Design', 'Interior Design', 'Motion Graphics', '3D Modeling') -- Thiết kế - Sáng tạo
UNION
SELECT skill_id, 9 FROM skills WHERE skill_name IN ('Nursing', 'Medical Diagnosis', 'Pharmacy', 'Patient Care', 'Clinical Research') -- Y tế - Chăm sóc sức khỏe
UNION
SELECT skill_id, 10 FROM skills WHERE skill_name IN ('Production Management', 'Machine Operation', 'Equipment Maintenance', 'Quality Control', 'Process Engineering');
